,year,player_name,Ortg,usg,eFG,TS_per,ORB_per,DRB_per,AST_per,TO_per,FT_per,twoPM,twoPA,twoP_per,TPM,TPA,TP_per,blk_per,stl_per,ftr,porpag,adjoe,pfr,Rec Rank,adrtg,mp,ogbpm,dgbpm,oreb,dreb,treb,ast,stl,blk,pts,unk,season,ast/tov,rimmade/(rimmade+rimmiss),midmade/(midmade+midmiss),drtg,dporpag,stops,bpm,obpm,dbpm,gbpm,rating,test_score,diff
158,2018,aaron holiday,112.9,27.2,55.7,60.87,1.6,8.7,29.9,20.6,0.828,124,255,0.486,88,205,0.429,0.7,1.9,41.7,5.07293,127.461,2.8,89.4,103.391,37.697,4.87478,0.140775,0.5152,3.1515,3.6667,5.8182,1.2727,0.2424,20.3333,9.1917,2,1.53599624,0.5695,0.3654,106.928,3.3327,209.167,4.36451,4.73004,-0.365525,5.01555,32.62,37.78601100181636,5.166011001816365
297,2015,abdel nader,92.4,21.1,45.0,48.84,5.0,14.5,7.8,19.1,0.767,54,101,0.535,15,69,0.217,3.0,1.3,25.3,0.688912,99.4979,3.8,51.6,94.5695,16.375,-1.33233,0.67825,0.6875,2.2188,2.9062,0.7188,0.375,0.5,5.8125,7.53709,2,0.62169173,0.6557,0.35,99.388,1.86562,99.5242,0.381111,-0.743157,1.12427,-0.654083,24.46,28.19020625242497,3.7302062524249706
1125,2015,alex caruso,101.1,21.0,52.0,55.19,2.8,14.1,34.8,28.4,0.685,80,158,0.506,26,71,0.366,0.3,4.1,40.2,2.01441,105.969,2.6,83.2,89.9005,31.4545,1.90847,4.13692,0.7273,3.8182,4.5455,5.5152,2.0909,0.0606,9.1212,4.22812,2,1.82001792,0.6355,0.2353,92.8772,4.06248,219.985,6.47715,2.70848,3.76867,6.04538,60.17,45.09692482320766,-15.073075176792344
1457,2013,allen crabbe,108.7,25.4,52.8,56.83,3.3,14.8,16.2,16.4,0.813,151,284,0.532,64,184,0.348,1.9,1.9,29.7,4.68127,122.641,2.3,87.0,92.3083,36.2121,5.72903,2.02144,1.0,5.0606,6.0606,2.6364,1.1212,0.697,18.3939,9.24179,2,1.04818706,0.6703,0.4663,96.3071,4.20554,221.672,6.67658,4.50198,2.17461,7.75047,28.9,31.446836111856967,2.546836111856969
1868,2013,andre roberson,99.8,20.4,51.5,52.4,10.6,27.1,9.4,21.2,0.551,113,217,0.521,19,58,0.328,4.4,3.9,35.6,2.25599,105.013,3.0,69.6,79.4846,33.4194,2.92706,4.63046,2.9677,8.2258,11.1935,1.4194,2.1613,1.3226,10.871,3.39385,2,0.5946127,0.6069,0.3175,83.7071,5.29756,283.374,8.97574,1.61601,7.35973,7.55752,55.03,42.36205776788934,-12.667942232110661
2055,2011,andrew nicholson,108.5,30.0,57.8,61.41,6.4,19.0,8.7,19.2,0.711,231,392,0.589,6,23,0.261,4.5,1.0,55.9,4.20821,123.546,3.5,10.6,99.7765,33.8387,4.09881,0.356402,1.6774,5.5806,7.2581,1.0323,0.5484,1.4516,20.8065,1.3406,2,0.32325035,0.773,0.4585,100.861,3.06446,199.395,1.33659,1.13703,0.199564,4.45521,25.72,31.48423945248301,5.764239452483011
5611,2015,buddy hield,110.2,26.7,50.5,54.49,5.6,12.1,13.2,13.3,0.823,112,239,0.469,93,259,0.359,0.7,2.5,26.1,4.2531,125.44,2.1,69.0,87.5904,32.4286,6.89175,2.57902,1.6,3.8286,5.4286,1.9143,1.3429,0.2286,17.4286,13.4991,2,0.98527975,0.5725,0.33,93.2655,4.44818,214.056,7.7637,6.00627,1.75743,9.47077,43.6,43.148741680918604,-0.451258319081397
6012,2018,cameron johnson,120.8,18.8,51.5,55.11,6.3,10.7,13.2,10.9,0.847,66,127,0.52,47,138,0.341,0.7,1.3,22.3,4.08265,128.136,2.4,55.4,97.9238,29.3077,4.82924,0.554492,1.6923,3.0,4.6923,2.3077,0.6923,0.1923,12.4231,10.1205,2,2.14291012,0.6364,0.3934,105.492,3.19059,129.483,6.52069,6.04682,0.473866,5.38373,62.62,38.31385932102508,-24.30614067897492
6191,2015,caris levert,101.1,26.0,47.8,52.42,1.0,15.9,22.9,16.3,0.817,58,136,0.426,28,73,0.384,1.2,3.4,28.7,3.11843,112.521,2.0,52.4,94.5529,35.8333,3.37103,3.32022,0.2778,4.6111,4.8889,3.7222,1.7778,0.3889,14.9444,7.91277,2,1.71791208,0.6667,0.3158,98.751,4.07363,116.928,6.88161,3.45651,3.4251,6.69125,41.56,49.36269203826028,7.802692038260275
6652,2010,chandler parsons,114.5,20.8,55.9,58.7,8.2,16.9,16.3,18.2,0.662,103,180,0.572,38,106,0.358,0.5,2.2,52.8,3.66913,120.208,2.7,94.4,93.3612,31.0,5.27824,1.85499,2.2647,4.5882,6.8529,2.5882,1.1471,0.1471,12.3529,5.99404,2,1.31340713,0.6899,0.2745,97.6814,3.52636,200.768,7.44858,5.56415,1.88443,7.13323,40.56,37.843206074402545,-2.7167939255974574
7341,2011,chris johnson,119.3,18.8,52.0,56.39,7.7,14.8,11.4,11.4,0.83,57,129,0.442,77,203,0.379,1.6,1.8,30.1,3.52988,120.844,2.7,71.2,96.0549,29.7222,5.91813,1.78322,2.1111,3.8611,5.9722,1.5556,0.8611,0.3889,11.8889,11.4403,2,1.47366425,0.6667,0.2949,97.5478,3.1512,199.479,7.51463,5.33637,2.17826,7.70136,29.57,30.311933572834235,0.7419335728342347
8031,2012,cj mccollum,114.5,32.7,49.9,55.93,5.0,17.4,25.4,12.4,0.813,192,393,0.489,60,172,0.349,1.8,4.6,42.7,5.1436,130.04,2.5,9.8,91.553,33.6765,8.27214,3.55188,1.4706,5.0882,6.5588,3.5294,2.6176,0.5588,22.3529,8.79588,2,1.51900161,0.6337,0.3756,89.3988,4.03645,274.887,10.254,6.74575,3.50824,11.824,55.76,43.40534000485145,-12.354659995148545
8290,2018,cody martin,116.5,21.5,53.7,56.88,5.9,13.6,24.0,15.0,0.701,179,324,0.552,15,51,0.294,4.5,2.7,39.2,4.28797,122.926,2.7,85.6,97.3842,35.6667,4.21742,2.64039,1.8056,4.4444,6.25,4.6944,1.6667,1.4722,14.0556,2.25624,2,2.31502103,0.758,0.3593,99.7017,3.91395,270.501,7.78471,4.16234,3.62237,6.85781,47.44,37.25662324259697,-10.183376757403025
8332,2010,cole aldrich,116.9,20.2,56.2,59.61,13.6,25.4,5.8,16.4,0.679,149,265,0.562,0,0,0.0,13.0,1.6,60.0,3.38383,122.431,3.8,94.8,77.6247,26.75,4.74326,5.24154,3.0556,6.7778,9.8333,0.8611,0.75,3.4722,11.2778,0.0,2,0.55354846,0.7302,0.4101,82.6828,4.50588,264.514,11.6948,3.18819,8.50663,9.9848,36.35,31.632435942789883,-4.717564057210119
9299,2016,damian jones,106.8,26.4,59.0,58.45,9.9,17.3,10.2,16.3,0.536,184,309,0.595,0,3,0.0,5.9,0.5,53.8,2.96524,120.73,5.0,82.8,90.1802,26.2424,2.73371,2.72329,2.2424,4.6364,6.8788,1.1515,0.2424,1.6364,13.8788,0.198424,2,0.58460679,0.731,0.4275,94.8238,3.50456,177.996,5.45568,1.70399,3.75169,5.45701,25.69,33.38043767239374,7.690437672393738
9303,2012,damian lillard,122.3,32.3,54.5,62.11,1.9,14.1,28.0,12.0,0.885,129,256,0.504,86,217,0.396,0.7,2.5,51.4,6.32296,137.966,2.3,57.4,103.535,35.3,9.05933,0.706884,0.5333,4.2667,4.8,4.1,1.5,0.2333,24.3667,12.2517,2,1.78260869,0.5799,0.3563,101.836,2.75997,200.205,8.16164,8.79872,-0.637082,9.76622,67.73,44.52481441353389,-23.205185586466115
9335,2015,damion lee,118.4,28.2,52.5,60.48,2.9,17.2,18.2,11.4,0.889,102,212,0.481,63,162,0.389,0.9,2.4,50.5,5.68791,130.673,2.4,50.8,102.207,38.1111,7.99261,0.976622,0.8889,5.2222,6.1111,2.3333,1.5185,0.3333,21.4074,10.6764,2,1.25994932,0.5772,0.3483,101.883,3.30972,175.557,6.11027,6.45416,-0.343896,8.96923,28.96,42.607809250731364,13.647809250731363
9393,2016,damyean dotson,129.9,18.9,60.2,62.61,7.1,17.2,7.7,10.5,0.833,102,155,0.658,62,169,0.367,0.7,1.3,20.4,4.54225,131.014,2.5,47.8,102.521,30.9688,7.04663,-0.337607,1.9375,4.8438,6.7812,1.25,0.6875,0.1875,13.9062,10.216,2,1.21217992,0.7536,0.5814,102.161,2.78648,175.917,5.74004,6.41573,-0.675688,6.70902,12.27,15.032790659076412,2.762790659076412
10007,2011,darius miller,118.1,17.2,57.1,60.12,5.1,11.2,10.6,17.0,0.853,91,181,0.503,58,131,0.443,3.6,1.6,21.8,3.53579,119.239,3.4,83.8,91.3889,31.0,4.58999,3.13995,1.3421,3.2105,4.5526,1.7368,0.8421,1.1316,10.8947,6.70475,2,1.15786664,0.7073,0.4429,96.9049,3.81031,207.217,7.99598,4.74628,3.2497,7.72994,34.23,33.103622578339994,-1.1263774216600027
10814,2016,deandre' bembry,110.7,24.5,51.3,53.91,4.3,18.0,24.1,12.6,0.657,204,369,0.553,34,128,0.266,2.5,2.2,35.8,4.22179,120.696,2.6,56.0,93.9216,37.25,4.77418,3.11724,1.4167,6.3333,7.75,4.4722,1.4167,0.8333,17.4167,5.42622,2,2.20544419,0.7202,0.3729,96.6461,4.51299,291.217,8.8377,4.88895,3.94875,7.89142,34.76,43.2384749961429,8.4784749961429
10855,2011,deandre liggins,106.5,15.9,49.2,52.25,2.2,11.8,14.2,17.3,0.648,76,172,0.442,36,92,0.391,2.3,2.3,39.8,2.09098,105.39,3.1,93.4,90.4115,31.6053,1.1657,3.74188,0.5789,3.4474,4.0263,2.5263,1.2105,0.7368,8.6316,4.61307,2,1.74540555,0.5753,0.3434,95.8686,3.99153,220.706,6.25092,2.90719,3.34373,4.90757,24.22,42.104901636042044,17.884901636042045
11347,2015,denzel valentine,114.2,24.0,55.7,58.35,4.4,17.6,26.9,18.7,0.826,95,200,0.475,102,245,0.416,0.8,1.7,19.3,4.31272,125.883,2.6,77.8,91.1393,33.2051,7.07675,2.36948,1.1795,5.1026,6.2821,4.2821,0.8974,0.2308,14.5385,11.9322,2,1.81521842,0.6667,0.3929,97.728,4.06118,228.648,9.41924,6.92205,2.4972,9.44623,29.46,41.023794772824616,11.563794772824615
11633,2013,derrick williams,111.5,24.2,57.8,63.8,9.2,17.6,12.7,21.5,0.733,68,114,0.596,14,40,0.35,1.7,1.7,94.8,3.04908,119.558,3.6,30.0,99.3854,26.12,3.60708,-0.332535,1.88,3.52,5.4,1.44,0.72,0.4,11.4,3.79136,2,0.65454547,0.7105,0.3684,101.053,2.3564,112.813,3.66929,3.21724,0.452049,3.27454,12.75,24.538572057231207,11.788572057231207
12210,2017,devonte' graham,120.1,17.8,55.6,58.56,1.6,7.9,19.2,15.8,0.793,63,125,0.504,94,242,0.388,0.6,2.4,25.1,4.36266,123.83,1.8,80.4,95.7707,35.25,4.87937,2.35447,0.4722,2.6389,3.1111,4.1389,1.5278,0.1944,13.3611,10.6154,2,2.32810209,0.7917,0.3289,102.712,4.01456,219.286,7.41011,6.03072,1.37939,7.23384,46.5,38.08199192067782,-8.418008079322178
12244,2013,dewayne dedmon,96.5,19.0,50.0,52.44,11.7,24.2,5.8,22.2,0.681,88,173,0.509,0,3,0.0,10.0,2.9,26.7,1.14207,100.248,5.4,48.6,84.1827,22.2903,-0.0909662,4.94535,2.2581,4.7097,6.9677,0.6129,1.0968,2.129,6.7097,0.25813,2,0.38776415,0.6667,0.3939,88.5165,3.1758,183.119,7.28103,-0.624662,7.90569,4.85438,38.85,34.102865053421695,-4.747134946578306
12349,2017,dillon brooks,113.3,30.1,55.4,58.2,4.7,9.9,23.0,15.8,0.744,141,268,0.526,57,141,0.404,2.0,2.5,29.6,3.93831,132.463,4.4,88.4,92.5238,25.3143,5.82998,2.01293,1.0,2.2286,3.2286,2.7143,1.0857,0.4571,16.1143,9.47441,2,1.3194788,0.6589,0.4058,97.4912,3.20991,158.623,6.51461,5.47655,1.03807,7.84291,51.26,36.21681978241482,-15.043180217585181
13057,2015,dorian finney smith,107.9,25.9,55.7,56.35,11.3,16.3,14.0,16.9,0.587,88,175,0.503,49,115,0.426,3.6,2.6,25.9,3.34376,122.031,3.8,95.4,86.8288,27.9286,6.11344,3.11668,2.6071,3.6071,6.2143,1.5714,1.1429,0.8571,13.1071,9.32713,2,0.81478797,0.6701,0.3077,92.6028,3.91462,152.022,10.015,5.16374,4.85124,9.23012,49.26,38.72733762129151,-10.532662378708487
13102,2013,doug mcdermott,121.3,31.7,62.3,67.19,7.1,20.9,12.4,15.9,0.875,207,361,0.573,77,157,0.49,0.2,0.4,41.7,6.48425,144.359,2.0,69.2,94.353,31.6111,10.3787,-0.0455893,1.6111,6.0556,7.6667,1.5833,0.2222,0.0556,23.1667,8.49014,2,0.6128982,0.6802,0.4458,97.5417,3.46083,202.421,6.33238,6.75132,-0.418947,10.3331,23.94,34.69755361080111,10.757553610801107
13152,2011,draymond green,107.7,25.8,47.8,51.92,9.6,23.4,31.1,18.0,0.696,107,238,0.45,36,99,0.364,4.1,3.5,40.9,3.7492,122.686,4.5,86.4,84.4545,30.0,5.85927,5.11413,2.4848,6.1212,8.6061,4.1515,1.7273,1.1515,12.6667,6.04172,2,1.80264884,0.5882,0.3456,91.5449,4.37171,236.783,12.4099,5.84921,6.5607,10.9734,73.21,50.52499191942566,-22.685008080574335
13528,2013,dwight powell,106.2,26.6,48.7,54.72,7.7,24.0,16.0,17.8,0.796,164,350,0.469,15,33,0.455,3.6,1.5,43.6,3.6922,120.429,4.0,93.4,89.062,30.3529,3.65068,2.53439,2.1176,6.2647,8.3824,2.1176,0.7647,1.1471,14.8824,1.88215,2,0.86744222,0.6,0.3579,93.1085,3.86614,224.985,6.43964,2.60703,3.8326,6.18507,46.86,39.58368714505282,-7.276312854947179
13926,2010,ekpe udoh,110.5,23.0,49.1,52.99,12.8,17.6,14.7,17.9,0.692,178,358,0.497,7,26,0.269,11.0,1.4,41.4,4.21518,120.227,2.8,47.4,88.0061,35.4571,4.87541,3.96362,3.6,6.1143,9.7143,2.7429,0.8286,3.7429,13.9143,1.24524,2,1.11631598,0.7156,0.4016,93.4571,4.70314,273.986,11.5652,4.36662,7.19855,8.83903,23.32,38.25982115012535,14.939821150125347
14523,2018,eric paschall,122.5,17.6,60.0,63.69,7.7,12.8,11.6,18.3,0.813,108,169,0.639,36,101,0.356,2.2,1.8,35.6,3.77859,124.648,3.3,58.2,94.0474,29.8421,3.85738,2.60933,1.8421,3.4211,5.2632,2.1842,0.9211,0.6316,10.5789,5.10186,2,1.29687685,0.7016,0.4565,100.513,3.62998,208.384,9.01533,5.50623,3.5091,6.46671,23.29,38.71572453129279,15.425724531292794
14784,2010,e'twaun moore,103.9,27.7,49.9,53.13,3.4,10.8,19.8,14.3,0.73,161,330,0.488,51,146,0.349,1.0,2.8,28.8,3.56931,118.479,2.9,95.0,86.9938,31.5143,4.75739,2.99876,0.9143,2.9143,3.8286,2.6571,1.4571,0.2857,16.4286,7.90072,2,1.27396074,0.6667,0.4457,92.4751,4.30533,204.762,6.81518,3.93199,2.88319,7.75615,36.02,37.8535323634505,1.8335323634504945
14932,2010,evan turner,108.9,34.5,54.0,58.15,7.4,23.5,37.5,21.7,0.758,217,402,0.54,20,55,0.364,2.9,3.0,39.8,6.02087,134.66,3.1,90.8,83.7767,35.7419,7.0185,4.32057,2.0,7.1613,9.1613,5.9677,1.7419,0.9032,20.3871,3.02877,2,1.36028349,0.7846,0.4109,87.8032,5.25693,257.401,11.457,5.75189,5.7051,11.3391,31.55,42.85075250968744,11.300752509687438
15255,2014,frank kaminsky,124.3,25.1,57.8,61.1,10.0,18.4,11.4,9.5,0.765,159,273,0.582,37,98,0.378,6.1,1.6,35.6,4.95992,141.114,3.7,51.8,90.9544,27.1579,7.61503,3.37535,2.1316,4.1842,6.3158,1.2895,0.6842,1.7368,13.9474,6.01681,2,1.25645528,0.7,0.4144,96.2635,3.63778,208.108,11.2538,6.80729,4.44649,10.9904,33.47,39.5780195252964,6.108019525296399
15670,2017,gary clark,124.0,19.7,55.4,58.49,12.3,19.5,14.0,12.4,0.697,132,227,0.581,14,49,0.286,4.7,2.1,43.1,3.8783,127.089,2.6,82.2,87.6525,28.6389,5.65921,3.58681,3.0,4.8611,7.8611,2.1111,1.0,1.1667,10.8056,2.90988,2,1.85363059,0.7545,0.4359,90.8919,4.07409,215.932,10.1494,4.89257,5.25684,9.24601,13.8,29.044949164636776,15.244949164636775
15674,2010,gary clark,112.9,14.7,52.3,53.7,2.9,4.0,4.3,11.9,0.667,15,35,0.429,13,31,0.419,0.4,3.8,18.2,0.813722,111.502,3.2,79.2,92.3596,9.3333,1.8236,3.69426,0.25,0.375,0.625,0.2083,0.625,0.0417,3.2083,7.78595,2,0.71408979,0.5455,0.375,98.4315,1.07778,39.8223,4.03686,2.59231,1.44455,5.51786,13.8,21.288688136520207,7.4886881365202065
15893,2015,georges niang,106.0,26.7,51.7,55.98,4.0,15.2,21.9,18.7,0.808,141,291,0.485,46,115,0.4,1.5,0.9,30.8,3.61191,121.24,3.7,86.0,95.7721,30.7353,3.54321,0.689815,1.0294,4.3824,5.4118,3.4412,0.5,0.4706,15.3235,6.29726,2,1.28570892,0.5789,0.4388,100.749,3.37344,187.349,4.15235,3.13332,1.01903,4.23303,36.79,34.81366525697463,-1.9763347430253688
16120,2013,gorgui dieng,112.6,18.2,53.4,56.23,12.9,22.1,12.3,18.9,0.652,125,234,0.534,0,0,0.0,9.4,2.6,47.9,3.38553,117.22,3.3,91.6,76.177,31.0909,4.59809,5.83893,3.4242,5.9697,9.3939,2.0,1.3333,2.5152,9.7879,0.0,2,1.11863081,0.6827,0.4154,81.001,5.26508,252.025,13.4759,3.72605,9.74983,10.437,36.98,34.81780777827312,-2.162192221726876
16211,2017,grayson allen,113.7,25.0,50.8,56.88,2.7,11.3,21.5,16.9,0.811,60,135,0.444,81,222,0.365,0.2,1.5,44.5,4.14882,128.16,3.1,95.0,96.1502,29.6176,4.91748,0.287565,0.6765,3.0588,3.7353,3.5,0.7647,0.0588,14.4706,12.6331,2,1.60808632,0.5294,0.3529,103.556,3.36924,161.603,5.67693,5.88764,-0.210711,5.20504,39.63,37.45299294680531,-2.177007053194693
16667,2011,henry sims,100.1,17.5,57.8,56.9,8.0,18.9,16.2,27.4,0.5,48,82,0.585,0,1,0.0,4.8,1.2,45.8,0.752559,101.779,6.0,94.2,92.6367,14.0312,-0.888444,3.23712,0.8438,2.3125,3.1562,1.1875,0.2812,0.6562,3.5938,0.137517,2,1.08566471,0.7442,0.4054,99.3397,1.66305,85.6712,3.50565,-0.234341,3.73999,2.34867,24.77,24.19701609797717,-0.5729839020228304
16718,2012,hollis thompson,111.0,21.2,55.2,56.79,5.5,15.2,10.6,15.8,0.671,95,195,0.487,57,132,0.432,1.6,1.4,24.2,3.44246,118.007,2.8,89.4,88.4387,31.1875,4.20985,1.45558,1.3125,4.2188,5.5312,1.4688,0.6875,0.4375,12.9375,8.36577,2,0.88684936,0.6311,0.3261,93.2735,4.03952,173.611,5.12636,3.46936,1.657,5.66543,21.15,28.02786356789234,6.877863567892341
16880,2012,ian clark,120.9,19.5,58.6,60.28,1.9,9.1,16.2,13.4,0.822,58,107,0.542,89,220,0.405,0.3,2.1,13.8,3.22854,119.511,3.0,36.8,99.8706,27.7273,5.2182,0.510148,0.4242,2.2424,2.6667,2.3636,1.0,0.0909,12.7273,13.934,2,1.90244681,0.6406,0.3953,100.477,2.5284,153.574,5.37565,5.51027,-0.13462,5.72835,19.62,32.63430781274742,13.014307812747422
17025,2011,iman shumpert,107.1,28.7,45.4,51.72,5.8,16.4,25.7,14.6,0.806,135,285,0.474,42,151,0.278,0.7,5.0,40.1,4.04547,122.988,3.5,95.6,88.6926,32.0,5.2283,3.9449,1.7419,4.1935,5.9355,3.4839,2.7419,0.1935,17.3226,8.79213,2,1.5000001,0.693,0.3275,91.788,4.21159,225.934,8.39649,5.09881,3.29768,9.1732,43.29,45.07664255043433,1.7866425504343297
17376,2011,isaiah thomas,114.3,27.2,51.7,56.25,2.5,9.5,32.7,19.0,0.719,128,250,0.512,60,172,0.349,0.2,2.3,49.8,4.84646,130.417,2.7,57.6,94.9239,31.8571,5.9993,1.19221,0.7429,2.7714,3.5143,6.0857,1.3429,0.0571,16.7714,8.55836,2,2.0480918,0.6746,0.3468,99.5797,3.51267,197.365,6.44643,6.24487,0.201557,7.19152,46.08,32.15645699828106,-13.92354300171894
18375,2015,jake layman,109.8,22.4,54.4,58.9,5.6,16.2,11.2,17.7,0.752,98,185,0.53,45,119,0.378,2.8,1.7,46.4,3.13767,117.759,2.9,86.4,90.8461,29.9714,3.76484,2.12811,1.2857,4.5143,5.8,1.4,0.8,0.7429,12.4857,7.03113,2,0.73133783,0.6556,0.4149,95.6522,3.77494,202.85,5.88744,3.20245,2.68499,5.89295,23.55,34.21646539933222,10.666465399332221
18544,2018,jalen brunson,128.5,26.1,60.4,63.53,1.2,9.7,26.6,12.3,0.802,184,307,0.599,86,211,0.408,0.1,1.7,31.3,6.37043,146.071,2.5,95.8,96.5942,31.8,7.833,1.63484,0.3,2.75,3.05,4.6,0.925,0.025,18.9,9.49512,2,2.59154928,0.7113,0.5092,103.211,3.5916,206.633,8.37985,8.13628,0.243567,9.46785,49.58,37.88600418835354,-11.69399581164646
19115,2011,james anderson,76.1,13.0,32.5,31.52,7.2,11.5,4.1,13.0,0.269,13,40,0.325,0,0,0.0,7.3,1.2,65.0,-0.412191,70.7093,9.3,6.2,91.3192,7.7333,-6.21937,2.16974,0.5,0.8333,1.3333,0.2,0.1667,0.5667,1.1,0.0,2,0.85726533,0.5714,0.2727,94.6968,0.943727,46.6915,-0.389612,-3.91701,3.5274,-4.04963,21.29,24.090863838523504,2.8008638385235045
19116,2010,james anderson,117.5,30.7,53.2,59.61,6.7,12.9,16.5,13.1,0.81,152,277,0.549,74,217,0.341,2.0,2.4,52.2,6.29412,139.179,3.1,96.0,93.2981,34.0606,9.4241,1.88125,1.9394,3.8788,5.8182,2.4242,1.3939,0.6061,22.2727,11.2083,2,1.02563887,0.6359,0.3763,98.1485,3.9099,217.438,10.434,8.45581,1.97822,11.3054,21.29,41.41724130571761,20.12724130571761
19495,2011,jamychal green,106.1,30.7,50.9,56.3,13.4,17.7,12.2,19.9,0.737,189,373,0.507,1,1,1.0,8.2,3.2,52.9,3.57069,123.439,4.7,97.4,82.2011,27.8824,4.46298,4.06628,3.1176,4.4118,7.5294,1.4412,1.4412,2.0588,15.5,0.0643104,2,0.51580115,0.6685,0.3492,84.7129,4.29572,220.679,7.91999,1.92483,5.99516,8.52926,31.78,28.37706444100418,-3.4029355589958215
20748,2012,jeff withey,117.9,17.8,53.6,61.38,10.2,18.4,5.6,16.7,0.795,113,211,0.536,0,0,0.0,15.3,1.5,73.9,3.00826,120.741,4.0,94.6,79.504,24.8205,3.42545,6.81454,2.0769,4.2051,6.2821,0.7436,0.641,3.5897,8.9744,0.0,2,0.59184974,0.6587,0.35,84.7272,4.02171,239.938,12.3539,1.99642,10.3575,10.24,41.04,37.95506663331703,-3.084933366682968
21116,2014,jerian grant,132.3,25.3,59.0,65.46,1.1,7.5,36.5,12.7,0.865,52,90,0.578,20,49,0.408,1.0,3.5,53.2,6.56518,141.48,2.2,78.0,105.672,35.5833,7.58097,2.06103,0.3333,2.1667,2.5,6.1667,2.0,0.3333,19.0,7.16751,2,3.36371565,0.7391,0.4091,107.628,2.96481,71.7189,8.77328,9.21823,-0.44495,9.642,33.12,40.753062318451114,7.633062318451117
21117,2013,jerian grant,103.3,24.3,47.4,51.77,1.2,8.1,30.8,20.8,0.737,104,233,0.446,52,151,0.344,0.6,2.2,35.7,3.59462,114.609,2.0,78.0,97.5152,36.2857,2.82817,0.872516,0.3429,2.5429,2.8857,5.5429,1.2571,0.2286,13.2857,7.64791,2,1.94004412,0.5763,0.313,101.676,3.47516,193.857,3.62056,3.15513,0.465435,3.70069,33.12,31.54268569079518,-1.5773143092048159
21406,2017,jevon carter,118.0,19.6,53.3,57.12,3.4,14.9,20.5,16.1,0.774,93,192,0.484,72,185,0.389,0.9,4.4,32.9,3.92707,123.755,3.2,40.4,84.1566,32.0,4.9317,5.4236,1.027,3.9459,4.973,3.7027,2.4865,0.2432,13.4595,8.69923,2,2.04478683,0.5152,0.4574,88.8976,4.88943,274.564,10.1418,5.41838,4.72344,10.3553,32.8,47.45356368252483,14.653563682524833
21465,2010,jimmer fredette,121.0,32.6,53.7,61.53,2.9,8.3,30.7,15.2,0.892,148,316,0.468,77,175,0.44,0.5,2.2,51.1,6.12419,142.803,1.4,54.4,94.8385,31.1471,9.48092,0.63428,0.7353,2.3529,3.0882,4.6765,1.2059,0.1471,22.0882,9.36719,2,1.7096844,0.65,0.3571,97.4055,3.39751,181.857,7.80668,8.15041,-0.343734,10.1152,29.01,35.628302937629044,6.618302937629043
21685,2013,joe harris,111.1,26.3,56.3,59.47,3.5,11.9,16.1,15.2,0.74,114,227,0.502,77,181,0.425,1.8,1.8,36.8,4.34684,123.876,2.9,73.8,90.68,32.5429,6.33575,2.1888,0.8571,3.1714,4.0286,2.1714,0.8857,0.4857,16.2857,10.3576,2,1.08570004,0.5481,0.4634,92.4279,3.96345,188.453,6.91462,5.42865,1.48596,8.52455,41.05,35.41106786767428,-5.638932132325721
22075,2012,john henson,107.4,21.9,50.0,50.51,9.1,25.1,8.0,11.0,0.511,205,410,0.5,0,0,0.0,9.6,1.1,32.9,2.86245,114.136,2.2,99.2,81.493,29.1143,3.96186,4.48594,2.5429,7.4,9.9429,1.2571,0.5714,2.8857,13.6857,0.0,2,0.97775533,0.7217,0.4136,85.5966,4.51549,270.434,9.29592,1.93911,7.35681,8.4478,31.87,31.658739557396032,-0.2112604426039688
22414,2010,jon leuer,119.2,26.9,55.5,58.35,6.4,20.0,14.9,8.6,0.72,124,226,0.549,18,46,0.391,5.2,1.3,34.2,4.78224,133.839,2.9,84.0,86.8312,28.7917,8.1198,3.33254,1.4583,4.3333,5.7917,1.625,0.5417,1.3333,15.375,4.43665,2,1.625,0.6271,0.521,92.0918,3.94313,126.449,8.90057,5.13257,3.768,11.4523,32.1,30.729136312985204,-1.370863687014797
22784,2014,jordan clarkson,109.7,27.3,48.1,54.58,2.9,9.3,23.3,16.8,0.831,177,354,0.5,32,114,0.281,0.6,1.9,41.7,4.42955,125.082,2.5,59.0,103.088,35.0857,3.71877,-0.0981812,0.8,3.0286,3.8286,3.3714,1.0857,0.1714,17.4857,5.62763,2,1.26882698,0.6344,0.3491,106.782,3.20357,194.678,3.34317,3.73257,-0.389393,3.62059,44.77,36.57542522067611,-8.194574779323894
22952,2017,jordan hill,100.8,9.8,43.5,45.47,2.3,10.8,7.8,16.3,0.667,10,19,0.526,9,35,0.257,0.3,1.1,16.7,0.066734,89.7533,3.0,29.6,95.1333,9.9429,-2.70117,1.9492,0.2,0.8857,1.0857,0.4571,0.1714,0.0286,1.5143,6.19953,2,1.77790754,0.75,0.3636,100.82,1.14974,51.1006,0.721785,-0.442273,1.16406,-0.751973,31.26,26.029131092910532,-5.230868907089469
23065,2017,jordan mclaughlin,115.2,20.8,52.5,56.9,2.7,8.9,29.6,17.9,0.798,115,236,0.487,47,117,0.402,0.3,2.5,33.7,3.68122,119.0,1.1,91.6,102.083,34.1111,3.42769,0.444924,0.8056,2.75,3.5556,5.4722,1.4722,0.1111,12.9444,5.45222,2,2.46251468,0.5244,0.4085,106.935,3.16718,203.084,3.55311,3.91878,-0.365669,3.87261,39.79,42.88070876502839,3.0907087650283884
23667,2016,josh hart,117.7,23.5,57.5,60.23,7.6,17.1,12.4,13.3,0.752,175,294,0.595,55,154,0.357,0.9,2.2,30.6,4.50345,129.415,2.8,84.4,88.0208,31.375,6.00986,2.62252,1.85,4.9,6.75,1.925,1.15,0.25,15.45,7.29359,2,1.16666665,0.7419,0.4317,93.4074,4.44295,251.388,8.9696,6.01374,2.95586,8.63239,47.53,40.21094656796136,-7.319053432038643
23835,2014,josh richardson,118.9,16.3,53.1,56.84,3.0,8.1,9.9,13.0,0.788,101,188,0.537,34,98,0.347,2.8,1.6,29.7,3.14981,118.169,2.8,51.0,96.3391,30.6111,2.77055,2.78456,0.7778,2.1111,2.8889,1.5,0.75,0.8333,10.3056,5.61123,2,1.45942796,0.6163,0.4706,100.726,3.51743,168.124,6.92366,3.75252,3.17114,5.55511,42.31,32.690617701236036,-9.619382298763966
23879,2015,josh smith,101.6,16.5,52.0,55.49,11.7,20.8,2.9,22.2,0.622,26,50,0.52,0,0,0.0,2.2,1.5,74.0,0.424566,100.291,3.9,57.2,90.5919,9.5484,-0.348933,1.71179,0.9677,1.7419,2.7097,0.129,0.2258,0.1935,2.4194,0.0,2,0.23522975,0.5806,0.4211,95.3781,1.20989,57.3555,-0.0602894,-1.62079,1.5605,1.36285,36.73,24.051301611362717,-12.67869838863728
24430,2015,justin anderson,120.5,22.0,57.2,60.97,3.1,14.5,14.0,13.2,0.78,56,117,0.479,47,104,0.452,2.5,1.6,37.1,3.97668,128.925,1.7,90.2,84.0094,27.8462,7.23767,4.34501,0.6538,3.3846,4.0385,1.7308,0.6538,0.5385,12.1923,9.77045,2,1.45164815,0.6667,0.2353,88.5752,4.15299,121.798,9.76844,5.49031,4.27813,11.5827,30.61,36.45007148701639,5.840071487016388
24597,2012,justin hamilton,110.0,22.6,49.8,55.31,11.8,15.3,7.0,15.4,0.781,155,308,0.503,3,12,0.25,4.7,1.5,42.8,3.21694,117.071,3.4,61.4,91.6276,30.0,3.53487,1.85584,3.303,3.9091,7.2121,0.9091,0.7576,1.303,12.9091,0.729903,2,0.52631273,0.621,0.4239,94.9102,3.56051,187.441,5.57075,2.12634,3.44442,5.3907,28.01,28.583400715863675,0.5734007158636736
24620,2010,justin holiday,109.8,15.1,44.9,48.54,8.6,13.7,13.9,15.0,0.8,69,157,0.439,10,30,0.333,2.6,2.5,21.4,1.55458,105.972,3.1,81.8,89.9549,22.2059,2.58727,3.36702,1.7059,2.7647,4.4706,1.8235,1.0,0.5882,5.8824,2.18944,2,1.99989031,0.6212,0.3077,94.7799,2.80601,157.436,7.29567,2.91487,4.3808,5.95429,43.2,41.642492371575784,-1.5575076284242186
24630,2017,justin jackson,119.2,23.9,53.0,55.46,4.9,10.8,16.0,12.3,0.748,156,306,0.51,103,280,0.368,0.8,1.4,22.4,4.95423,132.301,1.7,98.4,93.9603,32.0,7.38876,1.50303,1.45,3.2,4.65,2.825,0.775,0.225,18.275,12.2983,2,1.63768116,0.6385,0.4148,101.543,3.89272,215.962,8.26311,6.7892,1.47391,8.89179,20.83,34.2776253017591,13.447625301759103
24635,2013,justin jackson,82.5,18.2,42.3,44.09,9.5,20.4,15.8,32.3,0.512,45,99,0.455,1,11,0.091,7.8,3.2,39.1,-0.0789536,84.0245,5.5,68.8,79.6071,18.8,-2.69307,5.76329,1.6333,3.4333,5.0667,1.4667,0.9667,1.3667,3.8333,1.19778,2,0.81483333,0.5893,0.2791,82.306,2.99525,138.974,5.69448,-2.7268,8.42128,3.07022,20.83,32.27206866218417,11.44206866218417
25622,2018,keita bates diop,114.5,27.5,54.4,57.73,5.7,24.5,10.5,11.8,0.794,181,331,0.547,66,184,0.359,5.9,1.6,27.4,4.95326,131.415,2.0,94.4,88.7301,33.0882,7.46267,2.83435,1.5294,7.1765,8.7059,1.6471,0.9118,1.6471,19.7647,9.61523,2,0.90326292,0.6715,0.4588,93.7832,4.62406,254.42,8.21587,4.15602,4.05985,10.297,33.11,36.066205341508024,2.9562053415080243
25832,2011,kemba walker,117.8,31.5,47.8,54.3,3.9,11.5,28.0,11.8,0.819,241,512,0.471,75,227,0.33,0.5,3.1,42.6,7.24909,142.787,1.5,97.8,91.1048,37.6341,9.21951,3.12896,1.2927,4.1463,5.439,4.4878,1.878,0.1707,23.5366,9.04886,2,1.9784861,0.5867,0.3987,97.6871,4.59401,280.051,11.104,9.07703,2.02696,12.3485,63.31,46.7269387418864,-16.583061258113602
26114,2011,kent bazemore,108.7,23.1,53.1,55.87,6.0,13.4,20.9,22.2,0.662,118,234,0.504,31,76,0.408,3.5,4.8,42.9,2.91167,113.562,2.7,21.6,88.1813,30.7353,4.17132,5.11606,1.5588,3.5,5.0588,2.8824,2.2353,0.8824,12.2647,4.75589,2,1.19512403,0.6393,0.3604,90.2383,4.13229,222.995,8.72862,3.64668,5.08194,9.28738,39.84,42.56710761380323,2.727107613803227
26725,2014,khem birch,117.8,19.6,51.0,56.9,13.9,20.3,7.6,12.8,0.693,125,245,0.51,0,0,0.0,10.9,1.2,77.1,3.29549,118.76,2.9,97.4,89.0476,31.4242,3.71298,4.33677,3.9697,6.2424,10.2121,1.2121,0.6364,3.7576,11.5455,0.0,2,0.90909775,0.6228,0.2727,90.5787,4.39771,246.245,9.55192,2.34033,7.2116,8.04974,33.04,36.013581256055616,2.973581256055617
26736,2012,khris middleton,96.0,28.6,45.1,48.32,5.7,15.8,19.0,16.5,0.75,77,160,0.481,19,74,0.257,1.1,2.1,22.2,2.4448,110.111,2.7,79.8,90.5318,29.0526,3.89037,1.53836,1.3684,3.7368,5.1053,2.1579,0.9474,0.2632,13.1579,8.49013,2,1.0,0.6154,0.438,96.8178,3.58719,98.5027,3.92283,2.03078,1.89205,5.42874,57.49,43.11186260254995,-14.378137397450054
26966,2011,klay thompson,107.6,31.9,52.5,57.37,2.6,14.0,25.0,17.8,0.838,142,305,0.466,98,246,0.398,3.1,2.8,33.6,4.88233,127.285,3.4,91.8,90.4682,34.6765,6.69188,2.5696,0.7353,4.5,5.2353,3.7353,1.6471,0.9412,21.5588,12.1474,2,1.10433421,0.6,0.3897,94.8348,4.33914,247.877,8.20607,5.45202,2.75405,9.26148,56.43,44.991636010142386,-11.438363989857613
27160,2016,kris dunn,103.6,29.3,49.9,54.06,3.5,14.8,41.8,20.9,0.695,142,298,0.477,42,113,0.372,1.9,4.3,46.2,3.76517,121.205,3.4,97.0,88.3916,32.9697,4.58362,4.94557,1.0909,4.2424,5.3333,6.2424,2.4848,0.6061,16.4242,5.95801,2,1.77583078,0.6306,0.3043,93.8582,4.5888,255.725,9.73839,4.74338,4.99501,9.52919,40.8,53.30098085922596,12.500980859225962
27446,2017,kyle kuzma,112.8,26.7,53.9,56.34,11.2,22.7,15.0,14.7,0.669,142,255,0.557,25,78,0.321,1.6,1.1,36.3,3.99948,125.093,2.1,62.8,96.7197,30.8276,5.16579,0.303122,2.7931,6.5517,9.3448,2.4483,0.6207,0.4828,16.4138,5.28202,2,1.14518909,0.6928,0.3564,98.7643,3.45396,163.806,5.35021,4.00991,1.3403,5.46892,26.59,31.384023046609357,4.794023046609357
27513,2010,kyle singler,117.4,24.0,49.2,54.49,7.0,14.6,13.4,13.8,0.798,143,337,0.424,85,213,0.399,2.2,1.7,37.8,5.68914,131.328,2.4,99.0,86.7343,35.95,7.24822,2.69598,2.25,4.75,7.0,2.4,1.025,0.8,17.675,8.90271,2,1.21518991,0.6634,0.322,91.8459,4.96123,269.529,9.43424,6.00785,3.42639,9.9442,29.49,29.334220818732277,-0.1557791812677216
27861,2013,langston galloway,110.9,19.8,52.5,55.19,2.4,8.9,14.1,13.1,0.772,70,159,0.44,80,203,0.394,1.0,2.4,21.8,3.47228,113.503,2.6,66.4,98.6503,35.6875,2.74729,1.13817,0.6875,2.9062,3.5938,2.25,1.375,0.3438,13.7812,11.1825,2,1.5318628,0.7636,0.2667,102.155,3.34879,180.745,4.20619,3.89552,0.31067,3.88546,37.46,36.16868944785615,-1.2913105521438482
27958,2010,larry sanders,112.8,26.1,54.0,56.35,13.1,25.2,7.7,13.8,0.641,192,351,0.547,4,16,0.25,9.1,1.6,45.5,3.51395,123.657,4.4,29.4,88.9952,26.8857,4.31436,2.02299,3.0286,6.0857,9.1143,0.9714,0.7429,2.5714,14.3714,0.997726,2,0.58620484,0.6884,0.3618,89.8001,3.47458,228.258,6.40892,2.22981,4.17911,6.33735,36.02,28.05485819503606,-7.965141804963942
28063,2010,lavoy allen,114.8,19.7,54.4,55.71,12.3,23.6,14.9,14.4,0.625,166,296,0.561,5,23,0.217,4.6,1.0,27.6,3.73947,117.222,2.6,78.8,82.7441,34.4571,4.30145,3.97642,3.5429,7.1714,10.7143,2.3714,0.5429,1.4286,11.4857,1.23155,2,1.56600418,0.7868,0.3688,86.2266,5.19519,258.252,9.94786,3.40173,6.54613,8.27787,34.42,32.641599468676716,-1.7784005313232853
29136,2015,malcolm brogdon,110.4,24.7,48.1,54.5,1.9,12.7,16.5,14.5,0.879,114,246,0.463,44,128,0.344,1.6,1.5,35.3,3.89039,122.124,2.4,80.6,85.3815,32.5,3.84808,3.60542,0.4706,3.4706,3.9412,2.3824,0.7059,0.4118,14.0,7.86777,2,1.39656492,0.619,0.3025,89.9786,4.70434,175.598,6.85273,3.37137,3.48136,7.4535,54.39,38.456703275057365,-15.933296724942636
29771,2011,marcus morris,122.3,25.9,60.1,62.51,11.5,19.0,11.4,13.7,0.688,214,345,0.62,26,76,0.342,2.4,1.7,51.1,4.85773,135.864,3.6,77.6,86.7767,28.3158,7.5064,2.43718,2.6053,5.0263,7.6316,1.6316,0.8421,0.6316,17.2105,4.00787,2,0.92536297,0.7755,0.5051,91.705,3.93206,223.432,9.65942,6.81335,2.84607,9.94358,39.72,33.718329080868855,-6.0016709191311435
29838,2014,marcus thornton,107.0,27.3,53.9,57.44,0.8,6.9,16.2,14.9,0.765,94,206,0.456,89,216,0.412,0.7,1.8,32.2,3.46697,116.334,2.0,19.2,115.078,35.8,3.31958,-3.07572,0.2333,2.0333,2.2667,2.6,1.0333,0.2333,18.6333,12.4108,2,1.09857607,0.5488,0.3952,113.623,1.80687,148.207,-1.00754,2.99809,-4.00563,0.243854,33.81,31.835095743685955,-1.9749042563140478
29839,2014,marcus thornton,99.7,19.6,44.9,50.25,10.4,16.6,4.0,17.8,0.647,90,206,0.437,5,11,0.455,5.8,1.3,62.7,1.31565,103.016,3.7,76.0,96.8707,25.9706,0.197704,1.49694,2.2353,3.8529,6.0882,0.4706,0.5294,1.3235,8.3235,0.752684,2,0.31373334,0.6147,0.2371,99.9003,2.93543,165.798,1.7732,-0.886368,2.65957,1.69465,33.81,32.226505983017844,-1.5834940169821579
30107,2011,markieff morris,118.0,25.2,62.7,64.16,13.9,24.7,11.0,19.0,0.673,170,272,0.625,25,59,0.424,4.9,1.9,46.2,3.68026,129.928,4.7,76.6,82.7681,24.3684,6.16321,3.20885,2.7105,5.6053,8.3158,1.3947,0.7895,1.1316,13.6316,3.61883,2,0.67947974,0.7619,0.4038,87.4686,3.72177,223.462,10.6049,5.65606,4.94879,9.37206,31.89,39.55471224060689,7.664712240606889
30559,2012,mason plumlee,107.0,22.4,57.2,56.8,12.0,24.5,11.7,19.9,0.528,143,250,0.572,0,0,0.0,5.2,1.6,70.4,2.93792,115.782,3.6,94.8,88.5568,28.3529,3.74099,2.73119,2.9118,6.2647,9.1765,1.6176,0.7647,1.6176,11.1471,0.0,2,0.74321153,0.6923,0.3723,93.6311,3.691,221.67,7.27149,2.41226,4.85923,6.47218,36.05,36.680292723315645,0.6302927233156481
30630,2018,matisse thybulle,103.7,19.0,53.6,55.3,3.2,7.5,15.5,20.6,0.714,83,158,0.525,58,159,0.365,4.8,5.2,17.7,1.85458,104.577,2.9,79.4,93.827,32.2059,2.34167,5.01367,0.8529,2.0588,2.9118,2.6176,2.9706,1.4412,11.1765,8.22149,2,1.17102845,0.6458,0.35,97.5821,3.93736,246.824,7.7419,2.35342,5.38848,7.35534,50.71,50.01323819436307,-0.6967618056369318
31075,2012,matthew dellavedova,118.2,23.6,53.1,59.89,2.0,8.3,33.3,20.6,0.86,92,176,0.523,58,161,0.36,0.2,1.4,46.6,4.88958,122.964,1.9,21.0,100.35,37.9677,4.87796,-0.456735,0.6129,2.6452,3.2581,6.4194,0.871,0.0645,15.9032,8.42761,2,2.13980007,0.6176,0.463,102.168,3.41148,166.781,3.50104,4.74036,-1.23932,4.42122,34.33,25.735678101679653,-8.594321898320345
31977,2018,mikal bridges,130.1,22.0,62.3,65.53,5.2,13.7,10.6,10.9,0.851,140,236,0.593,104,239,0.435,3.5,2.7,28.2,5.85717,140.752,2.7,84.0,91.1493,32.175,8.46374,3.54853,1.35,3.95,5.3,1.925,1.525,1.075,17.65,10.6337,2,1.42592587,0.677,0.4133,97.393,4.23621,268.23,11.9834,7.99537,3.988,12.0123,57.48,50.580522637138486,-6.899477362861511
32199,2012,mike muscala,117.8,29.9,51.4,60.16,11.9,25.4,15.0,14.2,0.855,185,360,0.514,7,20,0.35,6.5,1.0,61.6,4.79832,131.302,3.3,9.2,92.5932,30.3235,6.75485,1.80054,2.7059,6.5294,9.2353,1.8529,0.4706,1.6471,17.3824,1.21407,2,0.89999031,0.6604,0.398,91.4805,3.55184,223.959,7.3978,3.86678,3.53102,8.5554,37.58,33.11451180572563,-4.465488194274371
32258,2010,mike scott,104.5,24.9,51.1,53.45,9.8,21.6,11.4,15.2,0.719,140,276,0.507,3,7,0.429,1.1,1.4,22.6,2.95901,117.09,2.8,26.8,92.4721,27.4286,3.34545,0.538932,2.2857,4.8929,7.1786,1.25,0.6071,0.2857,11.9643,0.575595,2,0.76084972,0.6957,0.3727,97.7203,3.21047,140.776,2.55812,1.20838,1.34975,3.88438,25.0,28.72118866670003,3.72118866670003
32428,2011,miles plumlee,107.2,16.4,51.8,53.45,14.3,17.2,3.5,19.3,0.593,72,139,0.518,0,0,0.0,2.4,2.0,38.8,1.22401,107.044,5.6,89.8,85.4979,16.973,0.3459,2.14304,2.0811,2.8108,4.8919,0.3514,0.5946,0.4595,4.7568,0.0,2,0.37149802,0.6429,0.3273,89.9131,2.44002,136.535,4.21001,1.50016,2.70984,2.48894,28.89,29.247388307580835,0.35738830758083395
32684,2016,monte morris,122.1,19.9,53.6,56.07,2.4,8.9,28.9,12.1,0.729,150,280,0.536,38,106,0.358,0.7,2.6,24.9,5.48408,129.925,1.7,83.6,99.5178,38.0286,4.74733,1.77352,0.7429,3.2,3.9429,6.8857,1.7714,0.2571,13.8286,4.46377,2,4.22798736,0.5857,0.4857,105.007,3.84367,239.295,7.36575,6.30426,1.0615,6.52085,38.18,42.43547262416628,4.255472624166281
32713,2015,montrezl harrell,113.7,22.6,57.8,58.81,10.0,19.1,9.2,15.1,0.597,204,339,0.602,9,37,0.243,3.7,1.6,50.8,4.44348,124.102,2.4,84.0,83.8085,35.1143,5.41646,3.16934,3.1714,6.0,9.1714,1.4,0.9429,1.2,15.6857,1.81952,2,0.7101552,0.7789,0.3784,89.4932,5.27412,244.458,7.45216,3.50642,3.94574,8.58579,55.19,33.489495756360114,-21.700504243639884
32743,2018,moritz wagner,114.8,24.6,60.3,61.76,6.5,25.0,6.7,13.1,0.698,150,245,0.612,62,158,0.392,2.0,2.2,26.3,3.78162,127.327,4.5,76.4,85.1106,27.641,5.04275,3.27625,1.4615,5.6667,7.1282,0.8462,0.9744,0.5128,14.6154,9.10871,2,0.58931681,0.7241,0.3333,91.4329,4.24166,227.579,6.97039,3.51536,3.45504,8.319,33.26,40.079885253239766,6.819885253239768
33968,2011,nikola vucevic,115.9,25.1,53.9,57.8,9.8,25.6,11.0,12.1,0.755,186,343,0.542,29,83,0.349,4.4,0.9,38.3,5.02313,127.878,3.2,44.0,88.3293,34.9118,6.33822,2.48314,2.8529,7.4412,10.2941,1.5882,0.5294,1.3824,17.1176,4.32851,2,0.93100417,0.7029,0.4341,93.3056,4.65874,244.636,8.27907,4.1751,4.10397,8.82136,47.37,35.71139252036751,-11.658607479632487
34167,2014,norman powell,119.5,19.2,56.8,61.08,3.0,9.6,11.8,11.8,0.78,133,219,0.607,20,68,0.294,1.8,3.1,42.9,3.08126,123.054,3.6,89.6,96.2664,25.7297,3.12089,2.46447,0.6486,2.1892,2.8378,1.7027,1.3784,0.3784,11.4054,4.06827,2,1.65793583,0.726,0.375,100.826,2.96353,176.831,5.97023,3.98319,1.98704,5.58536,33.45,38.38859910921833,4.93859910921833
34721,2014,pat connaughton,123.8,17.8,56.3,58.9,3.9,19.6,15.6,10.3,0.833,79,142,0.556,76,201,0.378,1.7,1.7,19.2,4.60474,124.691,1.9,80.8,101.654,37.1875,6.18144,1.27107,1.1875,5.9062,7.0938,2.9688,1.0312,0.5625,13.7812,10.542,2,2.71420754,0.6389,0.4789,106.57,3.54768,208.939,7.04849,5.40792,1.64056,7.4525,42.13,42.329712969215464,0.19971296921546156
34839,2010,patrick patterson,129.5,17.2,60.7,62.42,10.6,13.4,5.5,10.7,0.692,191,305,0.626,24,69,0.348,4.1,1.2,34.8,4.93367,129.198,1.9,98.2,89.5707,33.0263,6.23586,2.5092,3.0526,4.3947,7.4474,0.9474,0.7105,1.3421,14.3158,3.09222,2,0.87811659,0.8242,0.3937,94.0703,4.19133,233.26,9.11359,5.81768,3.29592,8.74506,35.0,28.322653821925044,-6.677346178074956
35594,2011,quincy acy,109.3,21.2,53.4,57.67,11.3,18.2,6.0,18.5,0.686,134,249,0.538,0,2,0.0,5.5,1.8,62.2,3.03994,114.488,3.3,60.8,91.7151,31.1667,2.41335,1.7928,2.8,4.8333,7.6333,0.8667,0.9333,1.5,12.5,0.12646,2,0.4193642,0.7414,0.3609,93.5673,3.79231,193.507,4.43228,1.5242,2.90808,4.20615,31.31,30.535229230613325,-0.7747707693866737
35639,2014,quinn cook,120.2,20.7,53.5,57.11,1.5,7.5,27.7,16.1,0.827,72,142,0.507,65,175,0.371,0.1,2.8,25.6,4.09676,128.107,2.5,93.6,99.414,29.7714,5.42529,1.37231,0.3714,1.8,2.1714,4.3714,1.3429,0.0286,11.6,10.1886,2,2.68414582,0.6463,0.3167,104.853,3.11592,157.19,7.05535,6.67272,0.382629,6.7976,14.57,39.59313314398692,25.023133143986918
36159,2013,ray mccallum,116.4,24.4,52.4,56.57,4.0,13.3,23.5,12.8,0.715,158,290,0.545,39,123,0.317,1.7,3.0,46.7,5.20097,125.439,2.2,95.0,101.013,37.2903,6.07031,0.999121,1.3226,3.8387,5.1613,4.4516,1.9677,0.5806,18.4194,6.09953,2,2.19042468,0.663,0.3365,101.748,3.22081,222.896,6.27909,5.70333,0.575761,7.06943,26.46,35.352865924150095,8.892865924150094
36313,2013,reggie bullock,126.5,18.2,59.8,61.7,6.6,15.8,16.2,12.3,0.767,80,149,0.537,85,198,0.429,0.9,2.2,21.0,4.78008,128.974,1.9,97.2,92.1141,31.6176,8.0144,2.48029,2.0294,4.5294,6.5588,2.7941,1.2353,0.2941,13.8529,10.2971,2,2.20929859,0.68,0.4694,96.5996,3.69359,214.266,10.8455,7.95074,2.89476,10.4947,36.92,33.374095757631,-3.545904242369005
36342,2011,reggie jackson,120.5,27.2,58.5,61.79,3.9,11.3,29.7,16.0,0.796,148,266,0.556,71,169,0.42,1.7,1.9,31.5,6.04835,137.307,2.0,82.4,103.775,34.1471,8.68046,0.679261,1.0294,3.2647,4.2941,4.4706,1.0588,0.5294,18.1765,9.07322,2,1.87651111,0.66,0.4224,108.416,2.74324,187.742,7.80425,7.60689,0.197362,9.35972,43.82,37.006594783299946,-6.813405216700055
36954,2010,robbie hummel,123.3,23.4,52.9,59.75,6.3,20.5,15.2,8.7,0.902,92,178,0.517,43,118,0.364,3.6,2.1,41.2,4.99469,133.291,2.8,88.4,83.6613,30.2593,8.71893,4.04056,1.6296,5.2963,6.9259,2.0741,1.0741,1.037,15.6667,8.62759,2,2.00009656,0.6957,0.4903,88.1727,4.49855,178.647,11.9577,6.96378,4.99392,12.7595,34.09,35.570703901606024,1.4807039016060202
37073,2011,robert sacre,110.7,25.0,49.1,58.39,12.0,16.8,8.5,19.5,0.825,135,274,0.493,0,1,0.0,8.0,1.7,68.7,2.95552,119.113,4.2,65.2,89.4159,26.1176,2.58715,2.72336,2.5,3.9412,6.4412,1.1176,0.7647,1.8529,12.5294,0.0658215,2,0.51348492,0.6545,0.3841,92.7907,3.37475,195.015,6.54251,1.28283,5.25968,5.31051,21.93,36.42438137056247,14.494381370562472
37239,2012,rodney mcgruder,118.6,21.6,52.5,56.42,8.0,10.6,9.7,12.6,0.802,138,276,0.5,50,130,0.385,0.9,2.1,29.8,4.5351,125.903,2.3,79.0,91.7663,32.8788,6.48142,1.59139,2.2727,2.9697,5.2424,1.3939,1.1515,0.2727,15.8485,7.10537,2,0.91994457,0.7065,0.3967,96.1208,3.90115,191.063,7.01549,5.39007,1.62542,8.07281,23.78,29.60888729770609,5.828887297706089
37669,2014,ryan anderson,110.2,26.8,49.7,57.03,10.3,18.6,11.1,15.2,0.75,140,279,0.502,4,15,0.267,2.1,1.6,70.7,4.04074,126.08,2.6,73.4,107.634,31.4516,3.70943,-1.3593,2.4194,4.6452,7.0645,1.3871,0.8065,0.6452,14.4516,0.985998,2,0.69354999,0.6266,0.3333,113.018,2.35891,163.89,1.76494,2.24158,-0.47664,2.35013,46.01,36.687296302895405,-9.322703697104593
37807,2012,ryan kelly,119.8,21.5,52.7,59.67,8.2,15.3,8.6,14.5,0.807,67,143,0.469,40,98,0.408,3.5,1.7,58.1,3.77769,128.068,3.5,97.0,92.7318,25.9032,5.76087,1.98616,1.8065,3.5806,5.3871,1.129,0.7742,1.0,11.8387,7.10468,2,0.81392831,0.6364,0.3247,98.1095,2.99745,155.652,7.59892,5.2399,2.35901,7.74703,24.76,31.477166644785896,6.717166644785895
38109,2015,sam dekker,125.8,22.4,58.6,60.48,8.4,14.8,8.6,8.7,0.708,163,255,0.639,50,151,0.331,1.5,1.1,27.8,5.38639,137.801,1.4,97.8,92.4654,30.975,8.23919,1.21532,1.925,3.575,5.5,1.225,0.525,0.45,13.9,8.18515,2,1.36111117,0.7528,0.3718,98.6443,3.73184,191.916,9.19569,8.08795,1.10774,9.45451,23.15,33.60101678422593,10.451016784225935
38605,2013,sean kilpatrick,108.5,25.1,48.2,51.81,4.3,12.5,13.2,14.0,0.738,112,221,0.507,82,267,0.307,0.7,2.2,29.7,4.24702,121.235,1.4,32.0,88.7645,34.3824,5.74919,1.65779,1.3529,3.8529,5.2059,1.8529,1.2353,0.2353,16.9706,14.0237,2,0.94027201,0.6737,0.381,92.3034,4.38263,200.036,5.40933,4.33127,1.07806,7.40697,8.65,24.954678875358653,16.304678875358654
38733,2017,semi ojeleye,127.5,24.5,57.2,62.15,8.4,15.0,9.3,10.7,0.785,137,259,0.529,73,172,0.424,1.6,0.8,50.8,6.14099,139.625,2.1,94.8,95.2416,34.1429,7.8568,0.587465,2.2857,4.5714,6.8571,1.5143,0.4286,0.4,19.0,9.00412,2,1.05998883,0.6364,0.424,97.0548,3.99167,200.323,6.64165,6.59566,0.0459893,8.44427,28.92,26.72372770626039,-2.196272293739611
38762,2012,seth curry,113.0,21.7,51.5,57.26,3.0,6.8,16.2,18.0,0.873,77,169,0.456,64,167,0.383,0.6,2.5,35.1,3.69796,121.276,2.8,41.8,96.4137,30.1765,4.57153,1.49202,0.7647,1.8529,2.6176,2.4412,1.2647,0.2059,13.2059,9.4722,2,1.20291706,0.6604,0.3621,101.938,3.11168,167.205,5.70476,4.8465,0.858257,6.06355,39.62,34.711741259868134,-4.908258740131863
38812,2013,shabazz napier,115.3,24.2,54.4,59.84,1.7,11.6,27.9,16.3,0.819,78,160,0.487,68,171,0.398,0.3,3.3,43.5,5.27609,127.703,2.2,83.8,92.6125,37.25,6.16223,2.4423,0.5,3.8929,4.3929,4.6071,2.0,0.1071,17.0714,10.1011,2,1.92532075,0.6571,0.3516,96.6926,4.13694,190.602,8.40699,6.88986,1.51713,8.60453,43.45,40.0453844993835,-3.404615500616501
38827,2018,shake milton,119.8,24.7,55.1,60.6,2.1,13.5,25.9,15.7,0.847,67,145,0.462,56,129,0.434,2.3,2.4,40.5,5.11587,128.342,1.9,82.2,99.3025,36.3636,5.87966,1.65826,0.6364,4.0455,4.6818,4.3636,1.4091,0.6364,18.0,10.011,2,1.92000688,0.4844,0.4444,99.4079,3.8038,144.126,5.67384,4.45827,1.21557,7.53792,29.83,31.692274690395564,1.8622746903955658
39234,2011,shelvin mack,107.1,27.9,49.0,53.25,2.7,14.3,25.1,16.9,0.769,107,237,0.451,85,242,0.351,0.3,1.4,32.6,3.83872,121.094,2.2,41.4,96.6054,32.1892,5.59095,0.744108,0.7297,3.7568,4.4865,3.4865,0.7297,0.0811,15.9189,12.5489,2,1.41756451,0.6211,0.338,100.157,3.34166,195.04,5.48578,4.54418,0.941604,6.33506,32.68,31.801386740314186,-0.8786132596858138
39471,2012,solomon hill,110.6,22.4,56.1,60.09,8.3,19.1,18.6,20.7,0.724,114,207,0.551,37,95,0.389,1.6,1.9,51.7,3.45649,116.664,3.2,91.8,90.1364,32.4,3.84051,2.38114,2.1714,5.5714,7.7429,2.6,1.0286,0.5143,12.9143,5.14117,2,1.05815799,0.7281,0.3333,92.765,4.04239,228.927,6.42309,3.41547,3.00762,6.22165,34.07,35.87032733993779,1.8003273399377875
39514,2014,spencer dinwiddie,129.4,21.5,56.5,66.66,1.8,9.6,26.3,15.6,0.857,35,68,0.515,26,63,0.413,0.8,2.9,90.8,4.90165,134.038,2.4,73.8,96.9882,31.1176,5.52197,3.62353,0.4706,2.5882,3.0588,3.7647,1.5294,0.2353,14.7059,7.073,2,2.13333701,0.5682,0.4348,100.765,3.50461,96.5382,8.95779,7.04213,1.91566,9.1455,48.81,39.902378756924875,-8.907621243075127
39816,2016,sterling brown,120.4,17.7,68.5,71.59,5.9,12.3,16.4,27.6,0.857,79,125,0.632,30,56,0.536,1.9,2.4,34.8,3.08999,120.262,4.4,78.4,94.7209,27.5333,3.44681,2.95146,1.3,3.1,4.4,2.6333,1.1,0.4333,10.0667,4.08356,2,1.1791072,0.716,0.4773,95.8801,3.27099,156.072,6.78528,4.19769,2.58759,6.39827,28.37,23.642500361042906,-4.727499638957095
40343,2013,tarik black,100.7,19.9,58.9,56.06,10.1,16.0,4.1,18.6,0.448,103,175,0.589,0,0,0.0,3.1,1.9,66.3,1.17466,101.711,6.3,87.8,89.6753,20.7188,-1.3024,1.494,1.7812,3.0312,4.8125,0.4375,0.6875,0.625,8.0625,0.0,2,0.32556929,0.6612,0.4259,92.8247,2.58442,131.103,0.603597,-0.635409,1.23901,0.191601,27.38,27.083703794255555,-0.2962962057444436
40418,2015,taurean prince,110.1,26.1,55.8,57.25,8.1,16.3,11.6,18.9,0.643,103,196,0.526,59,147,0.401,3.9,3.5,28.6,3.49431,125.807,3.3,62.6,86.646,26.303,7.6071,3.55238,1.8182,3.7576,5.5758,1.2727,1.4242,0.8788,13.9091,11.0406,2,0.62685318,0.6698,0.3488,91.3623,3.70557,173.764,9.71707,5.46339,4.25369,11.1595,33.63,33.3638524825446,-0.26614751745540133
40655,2018,terence davis,99.7,26.9,48.3,51.2,5.5,19.0,16.4,17.3,0.723,98,200,0.49,59,186,0.317,3.6,1.9,24.4,2.41884,113.719,4.3,66.0,100.477,27.3125,2.9435,0.393805,1.4688,4.7188,6.1875,2.0938,0.9062,0.875,13.7812,12.0493,2,0.93057781,0.6098,0.2987,105.708,2.70345,180.438,3.30677,1.9924,1.31437,3.33731,50.1,37.25594985143921,-12.84405014856079
41072,2012,thomas robinson,106.7,29.4,51.2,54.87,11.1,30.7,13.1,16.8,0.682,254,503,0.505,7,14,0.5,2.9,2.0,46.2,4.42882,125.972,3.5,94.6,78.9353,31.7949,4.77229,2.79446,2.8974,8.9744,11.8718,1.8462,1.0769,0.8718,17.7436,0.665341,2,0.69231637,0.645,0.3493,84.1211,5.21431,313.096,6.34106,2.2429,4.09816,7.56676,28.15,42.03393321090785,13.883933210907848
41162,2012,tim frazier,104.2,32.7,44.6,50.8,4.1,12.0,45.3,19.0,0.791,181,411,0.44,27,86,0.314,0.9,4.0,40.4,5.00504,124.553,3.2,66.2,94.3102,37.125,5.11037,3.05301,1.375,3.3125,4.6875,6.1875,2.375,0.2188,18.8125,4.56052,2,1.69233087,0.5215,0.3871,100.901,4.12732,227.142,8.26079,5.67174,2.58905,8.16337,31.81,55.917515475674875,24.107515475674877
41169,2013,tim hardaway jr,104.9,22.3,50.4,52.71,0.8,14.5,12.9,15.0,0.695,125,260,0.481,68,190,0.358,1.4,1.2,23.3,3.56531,114.944,2.2,68.0,93.4428,34.9459,3.15549,1.15365,0.2162,4.2973,4.5135,2.4324,0.6757,0.4595,14.2432,9.19968,2,1.30430586,0.7412,0.3543,99.6,3.8968,214.122,4.53743,3.20031,1.33712,4.30914,40.04,30.326585160707467,-9.713414839292533
41371,2014,tj mcconnell,111.6,17.1,51.8,52.84,1.9,10.9,30.4,19.9,0.62,91,180,0.506,36,100,0.36,0.7,3.3,17.9,2.66198,112.42,2.7,30.6,85.381,32.2368,2.12246,5.16911,0.5,3.0789,3.5789,5.3158,1.6842,0.2105,8.4474,5.06481,2,3.01485938,0.6552,0.438,89.9376,4.8914,230.673,8.1427,3.60115,4.54156,7.29157,44.05,38.697275357227184,-5.352724642772813
41682,2015,tony parker,104.7,24.6,54.3,55.68,12.3,18.1,3.6,16.9,0.575,150,276,0.543,0,0,0.0,4.2,1.3,58.0,2.47283,116.5,5.6,95.4,94.7195,24.6471,1.06111,0.290351,2.7353,4.0,6.7353,0.4118,0.5588,0.9118,11.5294,0.0,2,0.23730768,0.6509,0.3738,99.1878,2.77483,163.764,1.29467,0.75454,0.540125,1.35146,30.6,32.5543542553723,1.9543542553723015
41694,2013,tony snell,105.0,22.0,51.6,56.23,1.6,8.1,22.4,18.5,0.843,80,177,0.452,64,164,0.39,1.9,1.6,29.9,2.92387,112.42,1.7,19.6,93.548,31.2286,3.9188,1.59595,0.4,2.2286,2.6286,2.8857,0.8286,0.4857,12.5143,9.27022,2,1.40280001,0.5536,0.405,97.3769,3.48131,174.245,4.17125,2.93837,1.23289,5.51475,27.28,34.750421756028075,7.470421756028074
42291,2014,treveon graham,111.2,26.7,50.6,54.38,7.0,21.2,15.3,13.5,0.694,127,251,0.506,58,172,0.337,0.7,1.8,42.6,3.53051,124.83,3.4,21.2,89.4938,28.2571,6.00322,1.91621,1.9714,5.0286,7.0,2.0,0.9143,0.1714,15.8,9.8286,2,1.11111114,0.6466,0.3852,92.28,3.88519,191.51,5.92498,4.06135,1.86363,7.91944,21.31,29.61874240464472,8.308742404644722
42669,2010,tristan thompson,113.5,22.5,52.0,58.69,3.0,9.1,12.9,15.8,0.828,79,175,0.451,58,144,0.403,0.2,1.4,49.2,3.03275,114.431,2.8,45.6,105.175,30.9355,3.34008,-0.290638,0.7419,2.5484,3.2903,1.7742,0.7419,0.0645,14.9032,8.64235,2,0.93221939,0.5556,0.3617,103.029,2.25328,156.205,1.58427,2.86634,-1.28207,3.04944,36.83,27.30473235420591,-9.525267645794088
42708,2012,troy daniels,111.6,19.1,53.2,55.84,4.0,12.4,4.3,13.1,0.843,18,52,0.346,94,247,0.381,0.3,3.0,17.1,2.24563,112.389,2.7,60.4,93.0803,24.4167,4.44255,1.1741,0.8889,2.4167,3.3056,0.4722,1.1944,0.0556,10.0278,17.1802,2,0.47220001,0.3333,0.3438,92.7424,2.79925,154.735,4.09167,3.48823,0.603437,5.61665,27.51,28.128792173892137,0.6187921738921354
43064,2013,tyler johnson,107.1,22.7,50.0,52.99,4.1,12.2,19.2,12.8,0.729,87,185,0.47,30,79,0.38,0.6,1.8,26.5,2.93545,114.096,3.8,29.4,95.8071,29.5926,3.47992,1.33662,1.0741,2.963,4.037,1.9259,0.8148,0.1481,11.6667,6.40614,2,1.4444611,0.6042,0.4234,100.257,3.06217,121.907,5.04119,3.59666,1.44453,4.81655,34.92,33.70494053817761,-1.215059461822392
43287,2011,tyler zeller,120.8,22.8,54.7,59.99,10.8,15.2,4.4,11.5,0.763,210,384,0.547,0,0,0.0,4.2,1.4,54.9,4.40524,131.536,3.8,97.0,87.1484,28.1351,5.77187,3.0424,2.8919,4.3514,7.2432,0.6216,0.7297,1.2162,15.7027,0.0,2,0.45996741,0.7623,0.4466,93.6054,3.87047,223.168,8.04261,4.69588,3.34673,8.81427,32.11,34.09712090112676,1.987120901126758
43731,2013,victor oladipo,122.7,22.6,64.8,67.12,11.7,14.0,15.2,21.1,0.746,152,236,0.644,30,68,0.441,2.8,4.6,42.8,4.76925,134.043,3.5,73.0,81.39,28.3611,8.76043,5.58813,2.5833,3.75,6.3333,2.0556,2.1667,0.7778,13.6389,3.95201,2,0.90244967,0.6978,0.463,85.8364,4.35053,246.196,15.2772,8.79828,6.47896,14.3486,51.27,41.1576215486502,-10.112378451349805
44385,2015,willie cauley stein,115.8,18.3,57.2,58.79,11.1,17.3,7.4,16.2,0.617,135,236,0.572,0,0,0.0,7.1,2.9,54.2,2.78798,118.634,3.1,91.6,74.9298,25.9487,5.07159,6.25944,2.2821,4.1538,6.4359,0.9744,1.2051,1.7179,8.9487,0.0,2,0.79168017,0.7518,0.3125,79.0904,4.67976,235.411,12.7451,4.42742,8.31771,11.331,38.29,33.80273871626646,-4.487261283733538
