,pos,year,player_name,Ortg,eFG,TS_per,twoPM,porpag,adjoe,adrtg,ogbpm,ast,pts,ast/tov,rimmade/(rimmade+rimmiss),gbpm,score,test_score,diff
296,Wing G,2016,abdel nader,103.5,55.5,58.35,109,2.4854,111.208,97.815,1.531,1.5429,12.9143,0.68357622,0.6909,2.72384,19.71570717839375,41.43803635036022,21.72232917196647
1023,Wing G,2010,alec burks,117.0,56.7,62.49,144,5.0314,133.419,103.123,6.88621,1.75,17.4286,0.875,0.6438,6.14104,44.26439232409383,47.51621482643146,3.2518225023376246
1024,Wing G,2011,alec burks,116.2,49.8,57.71,215,5.61344,137.983,101.415,7.64884,2.973,20.5135,1.13404034,0.6559,7.23727,44.26439232409383,54.741606416524625,10.477214092430792
1457,Wing G,2013,allen crabbe,108.7,52.8,56.83,151,4.68127,122.641,92.3083,5.72903,2.6364,18.3939,1.04818706,0.6703,7.75047,31.89765458422175,47.19836406737701,15.300709483155256
1459,Wing G,2011,allen crabbe,112.6,54.5,58.2,77,3.26936,114.666,97.003,4.55669,1.9677,13.3548,1.3260328,0.7692,5.94279,31.89765458422175,47.229930069562435,15.332275485340684
2813,Wing G,2013,archie goodwin,96.9,46.4,50.91,140,2.61308,109.137,94.5801,0.684581,2.6667,14.1212,0.8712997,0.6023,0.958423,16.10518834399432,47.31830526215066,31.213116918156338
3691,Wing G,2013,ben mclemore,118.7,58.6,63.26,125,4.47541,125.989,87.3941,6.59953,1.973,15.9189,0.94805635,0.7143,9.50053,24.05117270788913,47.01423551454553,22.963062806656403
4258,Wing G,2012,bradley beal,112.3,52.5,57.45,112,4.31343,122.37,92.1814,5.27745,2.2432,14.7568,1.05063003,0.6496,7.56367,66.04122245913292,49.16064114369001,-16.880581315442917
5301,Wing G,2017,bruce brown,111.5,51.5,55.94,101,3.36313,118.28,90.4539,3.79755,3.2121,11.8485,1.58208156,0.625,7.66906,60.454868514570016,52.6825788952323,-7.77228961933772
5537,Wing G,2013,bryn forbes,108.2,52.0,56.46,69,2.60885,111.344,108.954,3.51599,1.0,12.9655,0.61701734,0.551,1.45761,21.3361762615494,41.86709704206938,20.53092078051998
5610,Wing G,2013,buddy hield,97.2,43.3,46.66,62,1.43344,101.671,94.38,2.00583,1.8519,7.8148,1.1364138,0.5694,4.15094,52.921108742004265,45.75347788993464,-7.167630852069621
5611,Wing G,2015,buddy hield,110.2,50.5,54.49,112,4.2531,125.44,87.5904,6.89175,1.9143,17.4286,0.98527975,0.5725,9.47077,52.921108742004265,43.40123507166286,-9.519873670341404
5612,Wing G,2016,buddy hield,121.5,62.3,66.45,154,6.6609,142.728,94.0957,10.2417,2.027,25.0,0.66369796,0.6685,11.852,52.921108742004265,42.34742270194056,-10.573686040063706
5613,Wing G,2014,buddy hield,113.7,54.8,56.78,106,3.85182,123.293,100.703,5.6647,1.8788,16.5152,1.03332969,0.6462,6.5508,52.921108742004265,41.15702285616316,-11.764085885841105
6178,Wing G,2015,caris levert,101.1,47.8,52.42,58,3.11843,112.521,94.5529,3.37103,3.7222,14.9444,1.71791208,0.6667,6.69125,50.0497512437811,53.19320052328361,3.143449279502505
6179,Wing G,2014,caris levert,111.7,52.0,55.84,103,3.80866,120.81,97.5617,3.97772,2.9459,12.9189,1.75801161,0.6867,5.92454,50.0497512437811,51.73608296974771,1.6863317259666104
6181,Wing G,2013,caris levert,93.2,38.8,39.73,15,0.28454,92.9324,95.7402,-2.26335,0.7576,2.303,2.50033004,0.4167,-1.73257,50.0497512437811,40.42634895118248,-9.62340229259862
7329,Wing G,2012,chris johnson,102.3,46.4,54.14,48,1.26139,109.194,98.3809,1.10272,0.7333,6.6,0.56407692,0.551,0.879228,35.73560767590619,48.02545233923576,12.289844663329575
7330,Wing G,2013,chris johnson,108.6,48.8,54.38,84,2.70803,112.452,104.607,2.21425,1.6552,12.5862,1.04350019,0.5765,1.07448,35.73560767590619,47.12849111659794,11.392883440691755
8019,Wing G,2011,cj mccollum,104.2,44.7,52.26,162,3.74101,117.904,96.929,5.5615,2.1613,21.8387,0.76136961,0.5315,6.64243,71.37171286425018,46.231749349355255,-25.13996351489493
8021,Wing G,2010,cj mccollum,115.6,54.1,59.33,131,4.06522,122.751,104.864,6.72617,2.3939,19.1212,1.19694996,0.6404,6.22539,71.37171286425018,47.154918575595474,-24.21679428865471
8277,Wing G,2018,cody martin,116.5,53.7,56.88,179,4.28797,122.926,97.3842,4.21742,4.6944,14.0556,2.31502103,0.758,6.85781,58.436389481165605,58.160916735590035,-0.2754727455755699
8280,Wing G,2016,cody martin,104.0,47.6,50.04,75,1.14562,100.835,100.179,0.575805,2.2727,6.0303,1.6304613,0.6269,2.91655,58.436389481165605,47.71691113563841,-10.719478345527193
9322,Wing G,2012,damion lee,113.0,55.4,59.14,79,3.07825,116.349,93.7447,4.54983,1.7222,12.0,1.03329935,0.6337,6.4191,31.982942430703627,45.08750974797445,13.104567317270824
9323,Wing G,2015,damion lee,118.4,52.5,60.48,102,5.68791,130.673,102.207,7.99261,2.3333,21.4074,1.25994932,0.5772,8.96923,31.982942430703627,51.82567886282335,19.842736432119725
9324,Wing G,2013,damion lee,111.8,51.1,55.98,90,4.04491,121.182,100.738,5.61551,1.8148,17.1481,0.97996654,0.64,5.65612,31.982942430703627,45.70661849286982,13.723676062166195
9325,Wing G,2016,damion lee,117.9,51.4,57.09,91,4.18571,123.892,87.6416,4.04929,1.9667,15.9333,1.17999637,0.65,7.53817,31.982942430703627,48.360064109793825,16.377121679090198
9382,Wing G,2013,damyean dotson,104.9,50.3,52.26,116,2.22854,108.682,91.684,2.41829,0.8919,11.3514,0.64705457,0.6703,4.0364,8.102345415778252,38.53057744543731,30.428232029659057
9383,Wing G,2014,damyean dotson,106.2,48.7,52.47,90,1.79543,110.444,102.443,1.58352,1.2121,9.4242,1.05262705,0.6395,1.23152,8.102345415778252,43.80493034176452,35.702584925986265
9995,Wing G,2010,darius miller,114.2,50.0,52.67,43,1.77453,110.132,92.1621,2.23143,1.5263,6.4737,1.65704041,0.6316,4.89411,42.771855010660985,45.65539888939392,2.8835438787329366
10527,Wing G,2015,david nwaba,96.8,42.8,46.88,95,1.79083,106.853,95.7135,2.08967,1.4583,11.4167,0.9722,0.5789,4.23467,62.37384506041224,43.20889879168006,-19.16494626873218
10528,Wing G,2016,david nwaba,103.3,45.8,50.68,120,2.53564,114.654,107.066,3.70478,3.3929,12.4643,1.61022257,0.5658,3.80412,62.37384506041224,52.6538690857329,-9.719975974679343
10802,Wing G,2016,deandre' bembry,110.7,51.3,53.91,204,4.22179,120.696,93.9216,4.77418,4.4722,17.4167,2.20544419,0.7202,7.89142,40.29850746268657,53.42493645366813,13.126428990981559
10843,Wing G,2011,deandre liggins,106.5,49.2,52.25,76,2.09098,105.39,90.4115,1.1657,2.5263,8.6316,1.74540555,0.5753,4.90757,23.14143567874912,48.355704343083076,25.214268664333957
10844,Wing G,2010,deandre liggins,109.5,50.0,52.14,22,0.887274,102.53,88.2036,0.767033,0.8276,3.7586,1.41180485,0.6818,4.91085,23.14143567874912,42.91697204585402,19.7755363671049
11334,Wing G,2013,denzel valentine,94.6,49.3,51.61,51,0.970233,98.6875,85.9432,0.67855,2.4,5.0286,1.25372206,0.5962,3.76621,41.165600568585646,46.73615393170093,5.5705533631152875
11336,Wing G,2014,denzel valentine,106.9,48.9,51.2,65,2.19099,110.021,92.5243,1.95537,3.7895,7.9737,2.08695897,0.5862,4.61924,41.165600568585646,52.763510660969196,11.59791009238355
11337,Wing G,2015,denzel valentine,114.2,55.7,58.35,95,4.31272,125.883,91.1393,7.07675,4.2821,14.5385,1.81521842,0.6667,9.44623,41.165600568585646,53.63706713162565,12.471466563040003
11891,Wing G,2015,devin booker,121.0,57.1,60.02,77,3.01039,128.123,86.245,5.91621,1.1053,10.0263,1.13515453,0.7119,8.23184,61.90476190476191,42.91070753505831,-18.994054369703605
11933,Wing G,2015,devin harris,91.5,39.5,46.46,41,0.072293,88.3267,103.103,-3.08816,1.0,6.037,0.64283876,0.4531,-3.40353,59.9857853589197,46.57654086718604,-13.40924449173366
11934,Wing G,2014,devin harris,79.1,40.5,45.17,12,-0.422332,75.105,108.823,-3.92602,0.5882,2.2941,0.6665911,0.5556,-4.60653,59.9857853589197,44.775271804176995,-15.210513554742704
11936,Wing G,2017,devin harris,113.2,56.3,58.36,75,1.77742,104.682,111.531,0.217401,2.6957,10.913,1.47620609,0.6829,-0.414559,59.9857853589197,46.45276417301275,-13.533021185906946
12337,Wing G,2017,dillon brooks,113.3,55.4,58.2,141,3.93831,132.463,92.5238,5.82998,2.7143,16.1143,1.3194788,0.6589,7.84291,63.909026297086,45.35506653761341,-18.55395975947259
12338,Wing G,2016,dillon brooks,113.3,51.5,55.86,178,4.56732,127.908,97.3526,5.2745,3.1622,16.8108,1.32954922,0.6415,6.1096,63.909026297086,50.69857023742002,-13.21045605966598
12901,Wing G,2016,donovan mitchell,113.7,48.9,52.75,66,1.99667,118.103,86.8733,2.00365,1.6774,7.3871,1.73338843,0.717,5.71414,69.35323383084577,48.08677825427745,-21.26645557656832
12975,Wing G,2017,donte divincenzo,112.0,55.6,58.15,67,2.48345,115.827,91.7019,3.05664,1.6944,8.8333,1.17308225,0.625,5.5093,46.32551528073917,44.18275973310543,-2.1427555476337403
12976,Wing G,2018,donte divincenzo,119.5,59.0,60.77,103,4.29565,130.482,93.9887,5.81862,3.475,13.425,1.7594936,0.6486,8.09702,46.32551528073917,49.53430632713592,3.2087910463967546
13448,Wing G,2017,dwayne bacon,108.4,51.0,54.37,164,3.47475,122.561,95.5726,4.33702,1.7429,17.2286,0.85916397,0.6267,4.75307,8.869936034115138,41.14051064719543,32.270574613080285
15699,Wing G,2018,gary trent jr,122.3,52.8,56.65,80,4.20346,123.926,96.3665,3.98383,1.4054,14.4865,1.3684519,0.6349,5.84746,55.32338308457712,44.955289066136345,-10.368094018440772
15878,Wing G,2014,georges niang,106.1,52.6,54.79,174,3.37845,121.199,97.7048,3.51554,3.6176,16.6765,1.49995858,0.6471,4.44477,43.21250888415068,47.03035379898463,3.817844914833948
16054,Wing G,2013,glenn robinson iii,128.0,60.9,62.41,139,4.78519,126.589,93.7873,5.18654,1.0789,11.0,1.32250547,0.7674,7.03255,24.06538734896944,44.09933510790426,20.03394775893482
16055,Wing G,2014,glenn robinson iii,113.7,53.2,56.59,149,3.82377,122.688,99.1859,3.80246,1.1892,13.0811,0.95656378,0.7667,4.43553,24.06538734896944,44.40151524333515,20.336127894365706
16195,Wing G,2015,grayson allen,118.3,50.9,58.32,27,1.26403,127.251,93.2819,2.79309,0.4,4.3714,0.9332711,0.6571,4.09822,47.26368159203981,48.325701371413984,1.0620197793741752
16473,Wing G,2018,hamidou diallo,101.1,47.0,49.75,108,1.8012,108.791,95.8859,0.309039,1.2432,10.027,0.90191524,0.629,1.80476,42.35963041933192,41.327931355636366,-1.0316990636955552
16702,Wing G,2010,hollis thompson,112.1,56.6,57.64,27,1.40506,106.519,93.1615,1.83299,0.9706,4.7647,1.26925594,0.5667,4.51201,20.810234541577827,40.16186358752458,19.35162904594675
18075,Wing G,2012,jae crowder,122.3,56.8,59.85,156,5.29599,132.03,81.1209,7.96643,2.0857,17.5429,1.65913615,0.7485,13.0841,61.17981520966597,45.98649015607027,-15.1933250535957
18907,Wing G,2016,jamal murray,118.0,55.9,59.0,131,5.41928,132.758,96.6981,8.14081,2.1944,20.0,0.94047056,0.6937,8.97041,71.6133617626155,44.22419652639539,-27.38916523622011
19096,Wing G,2010,james anderson,117.5,53.2,59.61,152,6.29412,139.179,93.2981,9.4241,2.4242,22.2727,1.02563887,0.6359,11.3054,21.03766879886283,49.529403451866365,28.491734653003537
20017,Wing G,2012,jason smith,74.7,37.2,43.53,23,-0.223691,79.1078,102.02,-4.52209,0.6429,3.25,0.5454777,0.4828,-6.57028,20.72494669509595,46.0126054464857,25.28765875138975
21004,Wing G,2011,jeremy lamb,116.6,54.8,56.84,136,3.39066,122.047,92.2786,5.14917,1.6098,11.1463,1.26925799,0.7831,7.4625,54.186211798152094,44.64320723653441,-9.543004561617686
21005,Wing G,2012,jeremy lamb,115.4,55.6,58.95,146,4.89767,124.025,96.2073,5.58128,1.7059,17.7353,0.85294998,0.7882,7.13317,54.186211798152094,44.650975933235046,-9.535235864917048
21461,Wing G,2010,jimmy butler,129.2,55.9,63.18,132,5.74804,134.778,92.9059,6.73916,2.0,14.6765,1.7435272,0.6972,9.05711,97.58351101634685,55.488837171491426,-42.09467384485542
21462,Wing G,2011,jimmy butler,122.0,51.6,58.67,167,5.15273,129.263,95.5339,6.89473,2.3243,15.7297,1.59253177,0.6709,8.54764,97.58351101634685,54.6052878582349,-42.978223158111945
21661,Wing G,2012,joe harris,103.7,56.0,53.53,10,0.266286,93.3874,115.371,-0.505025,0.3333,3.1333,0.83324997,1.0,-3.67856,49.29637526652453,36.577986507338935,-12.718388759185594
21662,Wing G,2012,joe harris,109.2,53.1,56.97,72,2.92388,113.636,88.0788,3.56301,1.7188,11.3125,1.19568692,0.5571,6.03284,49.29637526652453,44.861066906808276,-4.435308359716252
21664,Wing G,2011,joe harris,105.3,54.5,56.96,42,2.36588,109.675,97.0835,2.95883,1.2581,10.4194,0.79596357,0.5532,4.20148,49.29637526652453,40.48970146694877,-8.806673799575755
21665,Wing G,2013,joe harris,111.1,56.3,59.47,114,4.34684,123.876,90.68,6.33575,2.1714,16.2857,1.08570004,0.5481,8.52455,49.29637526652453,43.59590365019655,-5.700471616327981
22585,Wing G,2012,jonathon simmons,102.1,55.8,59.04,116,2.54034,110.419,106.004,1.93329,2.1379,14.3448,0.63264583,0.7312,0.31773,24.30703624733476,43.95276981673149,19.64573356939673
22929,Wing G,2017,jordan hill,100.8,43.5,45.47,10,0.066734,89.7533,95.1333,-2.70117,0.4571,1.5143,1.77790754,0.75,-0.751973,35.280739161336186,43.64950650298084,8.368767341644656
22930,Wing G,2016,jordan hill,98.0,47.7,48.41,16,0.153136,90.7672,98.5117,-2.38154,0.8,2.9,1.26322439,0.7273,-1.10234,35.280739161336186,40.91194018423951,5.631201022903326
23103,Wing G,2018,jordan poole,108.0,53.5,57.55,34,1.24673,117.323,89.3059,3.22238,0.5641,5.9744,0.88003128,0.7297,6.39912,58.0952380952381,42.884875727277944,-15.210362367960158
23643,Wing G,2017,josh hart,122.3,59.0,61.89,162,5.95049,139.495,88.5641,7.6631,2.9444,18.6944,1.49295204,0.7125,10.8788,58.57853589196873,48.34541260303443,-10.233123288934294
23644,Wing G,2015,josh hart,125.3,62.2,63.57,72,3.6116,128.518,88.997,6.63831,1.4722,10.1389,1.39465704,0.7,9.40619,58.57853589196873,42.7851895654162,-15.793346326552523
23780,Wing G,2017,josh okogie,103.4,48.1,54.55,163,2.95936,115.324,90.7576,2.22646,1.6486,16.1081,0.79217721,0.5023,4.90635,47.51954513148543,44.44766638819138,-3.07187874329405
23781,Wing G,2018,josh okogie,107.9,47.5,55.04,95,4.48367,123.506,95.767,5.20362,2.4583,18.2083,0.9671874,0.5354,7.11086,47.51954513148543,51.05796066972352,3.538415538238091
23811,Wing G,2014,josh richardson,118.9,53.1,56.84,101,3.14981,118.169,96.3391,2.77055,1.5,10.3056,1.45942796,0.6163,5.55511,51.08742004264393,46.22118277099041,-4.866237271653517
23812,Wing G,2012,josh richardson,82.8,40.3,43.23,26,-0.419763,77.8935,95.1624,-2.8798,0.6364,2.8788,0.70003299,0.5789,-0.16517,51.08742004264393,41.47035440894683,-9.617065633697095
23813,Wing G,2013,josh richardson,101.2,49.1,52.61,90,1.4916,99.4603,95.5386,0.775931,1.5455,7.9091,0.92728148,0.6176,3.40858,51.08742004264393,44.880897625059205,-6.206522417584722
24407,Wing G,2013,justin anderson,106.3,46.7,52.31,69,2.13559,110.949,87.2959,2.98188,2.3143,7.6,1.88368876,0.5802,6.84686,34.37100213219617,52.514464370343916,18.143462238147748
24408,Wing G,2015,justin anderson,120.5,57.2,60.97,56,3.97668,128.925,84.0094,7.23767,1.7308,12.1923,1.45164815,0.6667,11.5827,34.37100213219617,46.53450962545318,12.163507493257015
24597,Wing G,2011,justin holiday,116.9,54.4,56.62,91,3.08697,117.969,92.3493,4.47741,2.1429,10.4857,1.44235039,0.6628,7.22538,52.36673773987208,46.07572874528715,-6.291008994584928
24845,Wing G,2015,justise winslow,112.2,55.1,57.2,127,3.46074,121.863,85.5702,4.83748,2.1026,12.6154,1.15495747,0.6871,9.03031,42.10376687988629,44.06221906862065,1.9584521887343627
26092,Wing G,2012,kent bazemore,97.7,46.3,49.5,135,2.57596,109.762,88.9042,3.50944,3.0571,15.3714,0.95534375,0.6198,6.52298,47.57640369580668,45.84240574931044,-1.7339979464962454
26096,Wing G,2013,kentavious caldwell pope,112.7,53.0,57.91,102,4.93099,127.771,87.0285,8.44938,1.8125,18.4688,0.90625,0.6702,12.3303,54.79744136460555,45.64754876834777,-9.149892596257779
26097,Wing G,2012,kentavious caldwell pope,104.0,48.0,49.94,87,3.08951,113.741,93.0422,4.5191,1.2188,13.1875,1.08337773,0.6047,6.7168,54.79744136460555,39.82462081968983,-14.97282054491572
26363,Wing G,2017,kevin huerter,110.7,54.3,55.37,42,2.31176,110.273,95.2064,4.21576,2.6667,9.303,1.91312133,0.6279,6.91284,56.37526652452026,46.131976271016875,-10.243290253503389
26364,Wing G,2018,kevin huerter,116.3,61.1,63.6,87,4.34565,124.433,97.7407,5.57339,3.375,14.75,1.35,0.7105,7.10227,56.37526652452026,49.864995208251514,-6.510271316268749
26714,Wing G,2011,khris middleton,107.6,50.9,56.1,117,3.60291,121.486,92.3172,5.84468,2.8125,14.4062,1.02272727,0.6087,7.70541,71.11584932480456,50.190021578170246,-20.92582774663431
26944,Wing G,2010,klay thompson,102.3,48.7,53.73,118,3.82694,117.516,100.12,3.88801,2.2,19.4667,0.64078293,0.6118,3.70424,68.45771144278608,44.59443852112999,-23.86327292165609
27293,Wing G,2014,kyle anderson,114.6,52.8,55.34,40,1.9469,104.516,109.286,1.16159,0.9143,10.9714,1.10342751,0.5238,0.534981,53.61762615493959,39.460620921098354,-14.15700523384124
27294,Wing G,2013,kyle anderson,104.6,48.7,51.63,35,1.31779,96.8634,106.592,0.615714,1.0909,9.0909,0.85715407,0.5,-0.0751056,53.61762615493959,40.75852111193202,-12.859105043007574
27295,Wing G,2012,kyle anderson,102.0,50.6,51.31,29,1.05713,95.853,106.65,0.561073,0.7742,8.9032,0.72728985,0.75,-0.53246,53.61762615493959,37.87633648417587,-15.74128967076372
27296,Wing G,2015,kyle anderson,95.9,45.7,48.88,62,1.35938,98.9945,110.302,0.00558164,2.0,14.4348,1.02223355,0.614,-1.97716,53.61762615493959,41.89979338458255,-11.717832770357042
27783,Wing G,2010,lance stephenson,99.3,46.2,49.35,146,2.43413,110.932,93.3915,2.87922,2.4706,12.3235,1.03702143,0.6556,4.56471,22.629708599857857,46.16552050921556,23.535811909357705
27835,Wing G,2014,langston galloway,125.3,57.0,60.99,82,5.34162,130.983,100.79,6.17963,1.5588,17.7059,1.8928962,0.5882,7.54495,44.17910447761194,45.20007334050133,1.02096886288939
27838,Wing G,2012,langston galloway,125.2,60.9,63.16,92,4.95025,126.355,99.322,5.46516,2.2353,15.5,1.85363641,0.6818,6.26152,44.17910447761194,46.45766727681407,2.2785627992021276
28812,Wing G,2017,luke kennard,127.3,57.9,62.91,149,6.41199,139.823,96.1443,8.06344,2.4595,19.5135,1.54239316,0.6322,9.39706,38.60696517412936,50.086923365430266,11.47995819130091
28813,Wing G,2016,luke kennard,120.7,50.3,55.62,86,3.55767,126.594,99.0448,3.91087,1.5,11.8056,1.92851627,0.6761,4.67815,38.60696517412936,49.47800705931262,10.87104188518326
29110,Wing G,2014,malcolm brogdon,114.1,47.4,54.47,106,3.87694,123.975,85.6908,4.38505,2.7297,12.7027,1.90568285,0.5841,8.68582,68.40085287846482,55.314070426260486,-13.086782452204332
29111,Wing G,2015,malcolm brogdon,110.4,48.1,54.5,114,3.89039,122.124,85.3815,3.84808,2.3824,14.0,1.39656492,0.619,7.4535,68.40085287846482,51.76820600214966,-16.632646876315157
29113,Wing G,2012,malcolm brogdon,93.1,46.5,51.44,41,0.793795,95.9328,89.5082,-0.663274,1.3571,6.7143,0.86362477,0.5469,1.12833,68.40085287846482,45.164192431638185,-23.236660446826633
29216,Wing G,2016,malik beasley,114.9,54.1,58.29,130,3.71706,123.97,98.7372,4.89748,1.5,15.5588,0.86440388,0.6744,5.34693,39.75835110163469,43.74550429694451,3.9871531953098227
29817,Wing G,2012,marcus thornton,83.3,42.3,46.81,78,0.475812,90.612,113.874,-2.38077,1.2903,11.0,0.50631771,0.4353,-6.5125,39.8862828713575,40.385075976520724,0.49879310516322306
30603,Wing G,2016,matisse thybulle,101.5,49.2,52.16,37,0.676045,96.147,97.9551,-0.0887294,1.5882,6.2059,1.14887148,0.5294,2.45214,63.11300639658849,43.573411655006005,-19.539594741582484
31949,Wing G,2017,mikal bridges,128.5,64.4,67.6,84,3.95743,126.055,87.6812,5.11735,1.9722,9.75,1.5434341,0.8,10.1997,72.77896233120114,49.45131628562487,-23.327646045576273
31950,Wing G,2016,mikal bridges,125.2,59.1,63.3,63,2.36518,121.561,86.6959,3.52478,0.875,6.35,1.45833328,0.8143,8.53264,72.77896233120114,47.176565392215466,-25.602396938985677
31951,Wing G,2018,mikal bridges,130.1,62.3,65.53,140,5.85717,140.752,91.1493,8.46374,1.925,17.65,1.42592587,0.677,12.0123,72.77896233120114,45.43727727762507,-27.34168505357607
33783,Wing G,2018,nickeil alexander walker,105.3,55.4,57.53,66,1.94488,110.068,97.6823,2.70234,1.4848,10.6667,0.94225158,0.5922,4.17913,28.18763326226013,40.25246423439123,12.064830972131102
33887,Wing G,2013,nik stauskas,121.9,59.6,63.05,58,3.955,122.565,95.9965,5.31687,1.3684,11.1316,1.18179463,0.6667,6.32081,21.080312722103773,45.78880064045984,24.708487918356067
34138,Wing G,2015,norman powell,104.9,49.7,53.99,175,3.40922,116.026,94.5606,2.76967,2.0833,16.4167,0.93749446,0.6083,5.46561,40.32693674484719,44.43937660205215,4.112439857204961
34139,Wing G,2013,norman powell,96.1,50.8,52.74,52,0.599056,93.1733,96.3437,-0.890556,1.0571,6.0571,0.97365757,0.6897,0.582363,40.32693674484719,41.1132204538403,0.7862837089931105
34140,Wing G,2014,norman powell,119.5,56.8,61.08,133,3.08126,123.054,96.2664,3.12089,1.7027,11.4054,1.65793583,0.726,5.58536,40.32693674484719,47.551682734248764,7.224745989401576
34141,Wing G,2012,norman powell,96.8,45.6,46.58,32,0.50024,93.8512,97.1725,-0.34388,1.1562,4.5312,1.60851424,0.5135,0.551865,40.32693674484719,40.34496577995196,0.018029035104774493
34693,Wing G,2013,pat connaughton,118.6,56.3,57.88,51,3.12815,114.144,97.364,3.7499,2.1429,8.8571,2.41944227,0.7143,5.2687,50.85998578535893,48.1736286918176,-2.686357093541332
34694,Wing G,2014,pat connaughton,123.8,56.3,58.9,79,4.60474,124.691,101.654,6.18144,2.9688,13.7812,2.71420754,0.6389,7.4525,50.85998578535893,51.341926732143875,0.48194094678494537
34695,Wing G,2012,pat connaughton,110.0,52.5,54.67,44,1.76785,107.136,94.7319,2.39116,0.8824,7.0294,1.25003536,0.6852,3.47187,50.85998578535893,42.1477872338039,-8.712198551555026
36285,Wing G,2013,reggie bullock,126.5,59.8,61.7,80,4.78008,128.974,92.1141,8.0144,2.7941,13.8529,2.20929859,0.68,10.4947,43.38308457711444,48.95031849369373,5.567233916579291
36287,Wing G,2011,reggie bullock,103.4,45.3,46.13,33,1.09602,108.017,88.1859,2.75804,0.5926,6.1481,1.23073725,0.4545,5.40431,43.38308457711444,36.21623953231328,-7.166845044801157
37210,Wing G,2010,rodney mcgruder,126.0,59.1,61.03,28,1.46629,120.59,90.7629,6.1391,0.5152,3.8788,1.13355342,0.7391,8.19751,29.22530206112296,41.761133150850995,12.535831089728035
37211,Wing G,2011,rodney mcgruder,117.8,55.1,56.97,58,3.22425,116.531,93.1356,4.94318,1.5758,10.9394,1.10644564,0.6111,6.37884,29.22530206112296,42.68507876561094,13.459776704487979
37212,Wing G,2012,rodney mcgruder,118.6,52.5,56.42,138,4.5351,125.903,91.7663,6.48142,1.3939,15.8485,0.91994457,0.7065,8.07281,29.22530206112296,44.530217798395974,15.304915737273014
37213,Wing G,2013,rodney mcgruder,110.9,49.7,52.68,150,4.15129,120.584,94.0363,6.02826,2.0294,15.7647,1.18963607,0.5983,6.86423,29.22530206112296,44.27491527191374,15.049613210790781
37541,Wing G,2015,royce o'neale,123.1,55.9,59.72,59,4.17945,125.155,91.7623,5.92689,3.4242,10.0909,2.05447894,0.6023,9.14124,64.42075337597727,55.311908633946445,-9.108844742030826
37542,Wing G,2014,royce o'neale,115.6,58.6,59.47,60,2.44994,114.287,98.331,3.73308,2.8333,7.0278,1.75861224,0.641,6.09475,64.42075337597727,47.91581461539184,-16.504938760585432
37543,Wing G,2012,royce o'neale,111.6,58.9,65.09,69,2.56786,113.44,92.7187,2.84213,2.129,9.9355,1.0,0.6897,4.75967,64.42075337597727,51.185495837602645,-13.235257538374626
37544,Wing G,2013,royce o'neale,105.4,51.6,56.86,75,2.67984,107.22,92.4043,1.68453,3.4688,11.1562,1.50002165,0.5678,3.03064,64.42075337597727,53.93969052209565,-10.481062853881618
37644,Wing G,2010,ryan anderson,108.7,55.8,58.91,63,2.87701,115.676,92.0187,4.75286,2.1935,11.3226,1.17236771,0.7647,7.74597,56.38948116560057,47.146767979743586,-9.242713185856985
38081,Wing G,2013,sam dekker,116.7,57.9,59.67,68,3.06724,125.475,85.5384,6.8034,1.3429,9.5714,1.27036228,0.7105,10.423,23.681592039801,42.46464595471082,18.783053914909818
38577,Wing G,2011,sean kilpatrick,113.2,52.5,55.8,68,2.58393,122.589,91.4846,5.67783,1.4857,9.6857,1.20926256,0.6375,7.24341,2.899786780383798,44.390125424177455,41.490338643793656
38578,Wing G,2013,sean kilpatrick,108.5,48.2,51.81,112,4.24702,121.235,88.7645,5.74919,1.8529,16.9706,0.94027201,0.6737,7.40697,2.899786780383798,44.233174552554416,41.33338777217062
39443,Wing G,2013,solomon hill,113.7,54.1,57.94,101,4.10206,121.227,91.6638,5.44116,2.7143,13.3714,1.23377266,0.6463,7.56824,39.317697228145,49.84190605715108,10.524208829006078
39445,Wing G,2010,solomon hill,97.2,50.3,55.04,70,1.07081,98.2041,98.5153,-0.462597,1.6774,6.6774,0.82537027,0.6714,0.155969,39.317697228145,47.754703601903636,8.437006373758635
39488,Wing G,2012,spencer dinwiddie,110.6,49.6,57.39,52,2.58132,112.621,95.9274,2.34027,1.6176,10.0294,1.17013883,0.4848,4.09537,60.41222459132908,50.98465042342225,-9.427574167906826
39787,Wing G,2017,sterling brown,117.6,54.6,58.28,100,4.13724,124.301,89.5314,4.48903,3.0,13.4286,1.54408363,0.5269,8.01945,31.15849324804549,49.56969683415222,18.411203586106726
39789,Wing G,2015,sterling brown,126.0,61.2,63.58,44,2.31476,114.926,92.9705,3.30248,2.0588,5.2059,2.25795122,0.6923,6.14885,31.15849324804549,49.44970242402263,18.29120917597714
39790,Wing G,2016,sterling brown,120.4,68.5,71.59,79,3.08999,120.262,94.7209,3.44681,2.6333,10.0667,1.1791072,0.716,6.39827,31.15849324804549,48.55270968723612,17.394216439190625
40627,Wing G,2017,terence davis,109.4,54.1,56.73,151,3.13316,123.72,96.1286,4.70257,1.75,14.8611,0.85133297,0.764,6.96837,62.31698649609099,42.15297152287762,-20.16401497321337
40628,Wing G,2018,terence davis,99.7,48.3,51.2,98,2.41884,113.719,100.477,2.9435,2.0938,13.7812,0.93057781,0.6098,3.33731,62.31698649609099,42.79111283290923,-19.525873663181763
40629,Wing G,2016,terence davis,95.1,48.3,46.12,10,0.155386,94.4083,98.9654,-2.61878,0.3158,1.8947,1.199848,0.625,-1.01523,62.31698649609099,33.89560823515292,-28.42137826093807
41141,Wing G,2011,tim hardaway jr,109.8,52.4,56.04,80,3.75257,121.503,92.5654,5.17239,1.7353,14.0294,1.34093183,0.7213,7.23695,47.86069651741295,45.7714404022931,-2.089256115119845
41142,Wing G,2013,tim hardaway jr,104.9,50.4,52.71,125,3.56531,114.944,93.4428,3.15549,2.4324,14.2432,1.30430586,0.7412,4.30914,47.86069651741295,46.13000662422321,-1.7306898931897337
41143,Wing G,2012,tim hardaway jr,103.4,48.6,52.69,112,3.54768,115.871,97.1034,2.6705,2.1212,14.6364,1.07691532,0.6437,2.74858,47.86069651741295,46.51895778780407,-1.3417387296088776
41666,Wing G,2012,tony snell,116.0,58.5,61.57,44,2.8017,117.298,93.0512,4.95675,2.3235,10.5,1.51922318,0.6842,6.57342,28.258706467661693,47.568702831006995,19.309996363345302
41668,Wing G,2011,tony snell,101.2,48.0,51.34,18,0.567422,95.7064,100.077,0.8701,0.8788,4.4848,1.03571003,0.44,0.939072,28.258706467661693,41.941673591567366,13.682967123905673
42639,Wing G,2010,tristan thompson,113.5,52.0,58.69,79,3.03275,114.431,105.175,3.34008,1.7742,14.9032,0.93221939,0.5556,3.04944,43.2409381663113,47.76948978198065,4.52855161566935
42640,Wing G,2011,tristan thompson,118.2,56.2,64.06,85,3.97023,121.838,111.065,5.31581,1.7419,17.6452,0.77140071,0.5895,3.56634,43.2409381663113,49.1096334075702,5.868695241258898
42679,Wing G,2012,troy daniels,111.6,53.2,55.84,18,2.24563,112.389,93.0803,4.44255,0.4722,10.0278,0.47220001,0.3333,5.61665,29.921819474058285,35.6046162433209,5.6827967692626125
42680,Wing G,2013,troy daniels,121.9,59.1,59.62,25,3.28074,121.474,93.5939,5.76383,0.6389,12.25,0.71875351,0.5,5.99091,29.921819474058285,34.4150787172173,4.493259243159013
42681,Wing G,2010,troy daniels,122.7,52.0,54.0,3,0.611269,115.036,103.254,1.83025,0.2308,2.1538,3.00130051,1.0,0.652448,29.921819474058285,46.237581398413894,16.31576192435561
43037,Wing G,2013,tyler johnson,107.1,50.0,52.99,87,2.93545,114.096,95.8071,3.47992,1.9259,11.6667,1.4444611,0.6042,4.81655,38.86282871357499,45.19959013500119,6.336761421426196
43038,Wing G,2014,tyler johnson,119.7,53.8,57.94,125,4.77504,128.854,103.199,6.09866,2.9091,15.8485,2.1818796,0.5981,6.48336,38.86282871357499,51.2846949592259,12.42186624565091
43703,Wing G,2013,victor oladipo,122.7,64.8,67.12,152,4.76925,134.043,81.39,8.76043,2.0556,13.6389,0.90244967,0.6978,14.3486,60.35536602700783,44.50566595635941,-15.849700070648424
43704,Wing G,2012,victor oladipo,106.8,48.8,54.56,126,2.87866,116.778,90.8953,3.31839,2.0278,10.8333,0.96054196,0.5989,5.78797,60.35536602700783,49.56910832904541,-10.78625769796242
43705,Wing G,2011,victor oladipo,107.3,57.1,58.6,80,1.80293,115.24,93.8384,3.56299,0.875,7.375,0.63636364,0.6293,5.37399,60.35536602700783,38.68200300725399,-21.673363019753843
44119,Wing G,2011,will barton,98.8,47.8,50.18,128,1.86938,104.072,95.1807,1.41282,2.8286,12.3143,1.11235197,0.6286,2.833,43.18407960199006,45.286604781335505,2.1025251793454487
44913,Wing G,2014,zach lavine,107.3,52.4,54.48,79,1.84098,110.171,98.8807,1.46349,1.7838,9.4324,1.57149149,0.5667,1.99942,46.766169154228855,42.672022391632666,-4.094146762596189
