,year,player_name,Ortg,usg,eFG,TS_per,ORB_per,DRB_per,AST_per,TO_per,twoPM,twoPA,twoP_per,TPM,TPA,TP_per,blk_per,stl_per,ftr,yr,porpag,adjoe,Rec Rank,adrtg,mp,ogbpm,dgbpm,oreb,dreb,treb,ast,stl,blk,pts,unk,rimmade/(rimmade+rimmiss),drtg,dporpag,stops,bpm,obpm,dbpm,gbpm,rating
137,2014,aaron gordon,105.5,23.2,51.6,50.27,10.4,19.3,13.0,12.4,173,337,0.513,16,45,0.356,3.4,1.8,47.1,Fr,2.86228,115.064,99.6,83.3035,31.2368,3.32065,3.85299,2.6842,5.2895,7.9737,1.9737,0.8947,1.0263,12.3684,2.35011,0.6919,87.7492,4.96193,242.823,8.3179,2.89022,5.42768,7.17364,42.77
160,2016,aaron holiday,94.5,20.4,46.2,50.03,2.0,7.8,21.1,24.8,75,196,0.383,39,93,0.419,0.8,2.5,30.4,Fr,1.23495,99.2945,89.4,100.412,31.6562,-0.725836,1.40555,0.5938,2.4062,3.0,3.9688,1.4062,0.25,10.3438,5.10103,0.4789,106.87,3.09933,181.366,1.72579,0.364815,1.36097,0.679715,32.62
299,2012,abdel nader,78.5,31.2,38.1,41.91,4.0,17.4,12.6,23.8,74,214,0.346,34,114,0.298,4.1,1.7,26.8,Fr,0.11054,87.0027,51.6,106.773,24.4667,-3.45139,-1.56146,0.8667,3.3,4.1667,1.0,0.6667,0.7333,10.3333,9.83555,0.4776,105.971,1.66197,132.658,-5.40257,-4.89876,-0.503803,-5.01285,24.46
1024,2010,alec burks,117.0,26.8,56.7,62.49,8.5,11.9,13.5,14.0,144,250,0.576,19,54,0.352,1.5,2.2,59.9,Fr,5.0314,133.419,61.4,103.123,30.5357,6.88621,-0.745175,2.0,3.0,5.0,1.75,1.1786,0.4286,17.4286,3.62556,0.6438,107.773,2.46647,144.886,5.76966,6.04383,-0.274169,6.14104,37.54
1127,2013,alex caruso,87.7,20.4,41.3,45.13,3.9,12.4,27.9,29.2,49,117,0.419,13,49,0.265,2.3,4.9,45.2,Fr,0.504046,91.2602,83.2,90.3475,24.697,-1.46725,4.4019,0.7576,2.4848,3.2424,3.3939,1.8485,0.4545,5.5152,3.88495,0.5556,92.3065,2.97941,174.148,4.36197,-0.0689906,4.43096,2.93465,60.17
1459,2011,allen crabbe,112.6,18.3,54.5,58.2,2.4,15.9,12.2,14.0,77,157,0.49,62,155,0.4,1.5,1.6,29.5,Fr,3.26936,114.666,87.0,97.003,33.8387,4.55669,1.3861,0.6452,4.6774,5.3226,1.9677,0.9355,0.4516,13.3548,8.58841,0.7692,103.271,3.44425,193.591,5.91986,4.14199,1.77788,5.94279,28.9
1803,2012,andre drummond,100.7,20.8,53.8,50.93,14.2,15.5,3.4,16.0,157,290,0.541,0,2,0.0,9.9,1.8,30.1,Fr,2.01686,106.362,83.4,90.5331,28.4412,1.78075,2.5491,3.3529,4.2059,7.5588,0.4412,0.8235,2.7059,10.0,0.127848,0.7027,95.5401,3.4961,200.006,5.56709,0.789686,4.7774,4.32984,47.66
1870,2011,andre roberson,117.2,16.5,60.5,60.21,15.3,25.1,7.1,18.9,83,133,0.624,12,34,0.353,5.0,3.4,44.9,Fr,2.15498,114.568,69.6,92.0069,22.1622,3.07891,1.90349,2.7838,4.9189,7.7027,0.8919,1.2973,1.0811,6.5946,2.40767,0.6964,95.2651,2.65851,211.866,8.41442,4.37194,4.04248,4.9824,55.03
2115,2014,andrew wiggins,112.3,25.1,49.9,56.34,8.4,12.3,9.2,15.9,146,296,0.493,43,126,0.341,3.1,2.1,53.8,Fr,4.24085,125.836,100.0,94.4649,32.8,5.14855,1.8287,2.1714,3.6857,5.8571,1.5429,1.1714,0.9714,17.0571,6.31169,0.697,101.712,3.98001,206.932,7.14569,4.66538,2.48031,6.97725,42.88
2241,2013,anthony bennett,112.8,25.7,57.5,60.36,9.9,21.3,8.2,15.3,156,271,0.576,36,94,0.383,4.3,1.5,46.0,Fr,3.70621,124.606,99.0,85.8106,27.2353,5.93445,2.25506,2.3824,5.5882,7.9706,0.9118,0.7059,1.1765,15.7941,5.8596,0.7143,89.4038,3.77519,202.924,6.61092,3.58896,3.02196,8.18951,6.64
2295,2012,anthony davis,133.8,19.1,62.8,65.41,11.6,23.9,7.5,10.0,207,317,0.653,3,20,0.15,13.7,2.5,60.2,Fr,5.9035,138.825,100.0,75.7599,32.025,9.09614,7.56117,2.975,7.4,10.375,1.25,1.35,4.65,14.175,0.931259,0.8736,79.63,5.62176,360.572,17.668,7.54963,10.1184,16.6573,71.67
2813,2013,archie goodwin,96.9,27.2,46.4,50.91,5.6,10.4,16.8,21.0,140,293,0.478,17,64,0.266,1.4,2.1,59.4,Fr,2.61308,109.137,97.2,94.5801,31.7576,0.684581,0.273842,1.4545,3.1515,4.6061,2.6667,1.0909,0.4545,14.1212,3.60856,0.6023,97.7351,3.42587,179.703,0.778603,0.781192,-0.00258988,0.958423,17.86
3275,2012,austin rivers,104.8,24.0,50.5,53.84,2.2,9.2,13.0,17.0,116,243,0.477,58,159,0.365,0.1,1.7,45.8,Fr,3.41399,115.548,99.8,97.2284,33.2059,2.7958,0.279199,0.6176,2.7647,3.3824,2.0882,0.9706,0.0294,15.5,8.19759,0.5816,102.8,3.33088,176.149,2.9406,2.9932,-0.0526018,3.075,28.16
3365,2010,avery bradley,105.2,19.0,48.9,49.58,3.5,6.6,12.4,14.6,117,256,0.457,42,112,0.375,1.6,2.4,17.9,Fr,2.32709,108.707,99.4,92.5408,29.5,1.96455,2.09962,0.9706,1.9118,2.8824,2.0882,1.2941,0.5294,11.6471,6.00258,0.5281,97.7023,3.43879,176.727,5.12429,3.17971,1.94458,4.06416,34.33
3691,2013,ben mclemore,118.7,22.0,58.6,63.26,5.0,12.3,12.6,17.2,125,226,0.553,73,174,0.42,2.2,1.8,34.5,Fr,4.47541,125.989,92.4,87.3941,32.1892,6.59953,2.901,1.2703,3.9189,5.1892,1.973,1.0,0.6757,15.9189,8.57278,0.7143,92.3885,4.22994,216.163,8.47939,5.6772,2.80219,9.50053,24.68
3731,2016,ben simmons,112.9,28.2,56.1,59.95,9.6,26.8,27.4,18.6,215,383,0.561,1,3,0.333,2.5,3.1,76.9,Fr,4.96514,129.255,100.0,93.3664,34.8788,6.65406,3.18062,3.1212,8.6364,11.7576,4.7879,1.9697,0.8182,19.1515,0.141684,0.7227,97.3738,4.27519,290.86,10.2899,5.24639,5.04354,9.83468,62.54
4125,2014,bobby portis,116.1,21.3,52.4,56.18,10.2,16.8,11.0,11.6,152,283,0.537,9,33,0.273,5.9,2.1,37.3,Fr,3.11085,122.001,96.8,91.4703,27.0,4.49478,2.50127,2.5294,4.2353,6.7647,1.4706,1.0294,1.5882,12.2941,1.98612,0.7581,94.564,3.5283,203.379,7.05452,2.68809,4.36643,6.99605,35.43
4258,2012,bradley beal,112.3,22.4,52.5,57.45,4.8,18.1,12.7,17.0,112,207,0.541,63,186,0.339,2.6,2.5,44.0,Fr,4.31343,122.37,99.4,92.1814,34.2432,5.27745,2.28623,1.3514,5.3784,6.7297,2.2432,1.3784,0.8378,14.7568,8.98698,0.6496,95.4954,4.01915,257.355,8.02626,5.01541,3.01084,7.56367,52.75
4529,2016,brandon ingram,112.1,24.6,52.5,55.25,6.1,15.4,11.3,13.7,134,289,0.464,80,195,0.41,3.6,1.9,35.1,Fr,4.30177,123.987,99.6,95.9335,34.6111,5.53645,1.26317,1.8611,4.9167,6.7778,1.9722,1.1111,1.3611,17.3333,9.11171,0.5897,103.403,3.93885,237.974,6.30806,4.07465,2.23341,6.79962,39.99
4558,2011,brandon knight,107.8,26.7,50.8,55.28,2.2,10.2,23.4,19.8,130,282,0.461,87,231,0.377,0.6,1.1,33.3,Fr,4.52621,122.747,99.2,94.5951,35.8684,4.36431,0.220269,0.6579,3.3684,4.0263,4.1842,0.6579,0.2105,17.2895,10.2095,0.5556,100.305,4.01095,204.602,4.48048,4.60756,-0.127072,4.58458,30.42
5301,2017,bruce brown,111.5,21.5,51.5,55.94,5.6,15.3,20.7,18.2,101,197,0.513,33,95,0.347,1.9,2.9,41.4,Fr,3.36313,118.28,94.6,90.4539,31.9091,3.79755,3.87151,1.4545,4.1818,5.6364,3.2121,1.4848,0.5455,11.8485,5.53894,0.625,96.8412,4.24455,203.422,8.428,4.16616,4.26184,7.66906,48.85
5613,2013,buddy hield,97.2,20.4,43.3,46.66,8.2,10.5,14.6,19.0,62,129,0.481,19,80,0.237,1.1,2.9,17.2,Fr,1.43344,101.671,69.0,94.38,25.1481,2.00583,2.14511,1.8148,2.3704,4.1852,1.8519,1.2222,0.2593,7.8148,7.03279,0.5694,98.1422,2.7509,126.883,5.5261,3.10463,2.42148,4.15094,43.6
5890,2019,cam reddish,96.4,23.6,45.9,49.88,2.0,10.6,10.7,20.7,65,165,0.394,89,267,0.333,1.9,2.9,26.4,Fr,2.06068,107.457,99.8,88.501,29.6944,0.680393,2.3503,0.5556,3.1389,3.6944,1.9444,1.5556,0.5833,13.4722,13.5688,0.5125,94.4086,4.22023,209.227,3.18676,1.24477,1.942,3.03069,23.64
6017,2016,cameron johnson,110.4,19.2,50.8,53.55,4.3,14.3,8.1,13.1,21,49,0.429,28,75,0.373,1.5,1.5,19.4,Fr,0.996308,112.983,55.4,96.1903,11.5484,1.96066,0.854354,0.4194,1.4194,1.8387,0.4839,0.2903,0.1613,4.6774,12.5991,0.5909,102.44,1.30257,62.4147,2.4976,2.06979,0.42781,2.81501,62.62
6083,2014,cameron payne,108.5,29.6,48.2,53.08,0.9,10.8,34.1,19.3,112,247,0.453,71,206,0.345,1.7,2.8,32.9,Fr,3.35489,117.836,28.4,103.862,33.0,3.16663,0.268735,0.2812,3.3438,3.625,5.3438,1.5938,0.5938,17.375,11.4302,0.5221,103.643,2.93387,196.42,2.94997,3.04498,-0.0950023,3.43537,38.32
6193,2013,caris levert,93.2,15.3,38.8,39.73,2.1,9.9,11.5,11.5,15,46,0.326,13,43,0.302,0.6,1.1,15.7,Fr,0.28454,92.9324,52.4,95.7402,10.7879,-2.26335,0.530778,0.1818,0.9091,1.0909,0.7576,0.1818,0.0606,2.303,7.55634,0.4167,102.01,1.11645,52.7172,0.458004,0.518265,-0.0602611,-1.73257,41.56
7840,2014,christian wood,105.4,18.5,45.7,50.51,7.3,18.6,5.1,13.2,37,67,0.552,11,50,0.22,6.8,1.5,29.9,Fr,0.722686,104.463,90.4,91.1127,13.0,-0.194655,3.11571,0.8667,2.3667,3.2333,0.3333,0.3333,0.9667,4.5,7.6291,0.6977,92.8605,1.72555,85.7321,3.21582,-0.246291,3.46211,2.92105,28.79
8033,2010,cj mccollum,115.6,27.0,54.1,59.33,5.1,12.3,17.1,13.2,131,271,0.483,72,171,0.421,0.7,2.3,42.8,Fr,4.06522,122.751,9.8,104.864,31.8788,6.72617,-0.500785,1.3939,3.6061,5.0,2.3939,1.303,0.2121,19.1212,9.24141,0.6404,100.137,2.37594,201.573,4.28034,5.38232,-1.10198,6.22539,55.76
8242,2019,coby white,108.7,26.1,51.6,55.56,1.3,11.4,24.4,19.0,106,211,0.502,82,233,0.352,1.3,2.0,29.3,Fr,3.69748,124.886,95.2,92.0853,28.5714,4.71988,2.32854,0.3429,3.2,3.5429,4.0857,1.0857,0.3143,16.0571,12.289,0.6667,98.1201,3.69208,202.343,6.65559,4.90054,1.75505,7.04842,32.28
8292,2015,cody martin,96.6,22.2,47.5,48.45,8.9,10.5,21.8,23.1,28,52,0.538,0,7,0.0,2.9,2.6,28.8,Fr,0.68723,105.024,85.6,92.9989,11.3684,-0.0183298,3.37165,0.8947,1.1053,2.0,1.2105,0.4737,0.3158,3.4211,1.99696,0.6111,99.4463,1.33955,40.1655,4.33724,1.48188,2.85536,3.35332,47.44
8314,2012,cody zeller,127.0,24.2,62.3,66.45,11.3,16.8,9.5,14.4,200,321,0.623,0,0,0.0,4.3,2.9,67.3,Fr,5.39068,140.263,98.2,89.7389,28.4722,7.89301,3.05051,2.4167,4.1389,6.5556,1.25,1.3611,1.1667,15.6389,0.0,0.7087,94.7906,3.61699,222.304,11.0667,7.50783,3.55883,10.9435,38.74
8456,2018,collin sexton,109.6,32.5,49.8,56.66,4.0,9.7,27.8,16.2,152,307,0.495,44,131,0.336,0.3,1.6,57.5,Fr,4.74253,133.448,99.2,98.1274,29.9394,5.4363,0.599108,1.0303,2.7273,3.7576,3.6061,0.8485,0.0909,19.1515,7.50048,0.5659,104.341,3.25388,159.716,4.68534,5.11524,-0.429909,6.03541,27.55
8845,2011,cory joseph,110.9,16.8,50.3,52.57,2.2,9.5,17.3,16.1,84,196,0.429,52,126,0.413,0.9,1.9,22.7,Fr,2.66713,110.158,98.0,89.5381,32.3889,2.52065,3.02652,0.6389,2.9167,3.5556,3.0278,1.0278,0.3056,10.4167,6.30356,0.4795,94.0606,4.17314,198.743,6.62528,3.74323,2.88205,5.54717,39.65
9301,2014,damian jones,97.6,23.9,54.3,54.93,8.7,15.9,2.3,17.9,138,254,0.543,0,0,0.0,5.7,0.7,52.8,Fr,1.63101,106.601,82.8,95.9152,25.9032,-1.40558,1.2689,1.8387,3.8387,5.6774,0.2258,0.2903,1.3871,11.2581,0.0,0.7192,99.2836,3.01095,147.891,-1.63408,-2.90994,1.27587,-0.136676,25.69
9337,2012,damion lee,113.0,21.8,55.4,59.14,4.3,13.9,14.2,17.3,79,145,0.545,63,168,0.375,1.3,1.9,35.1,Fr,3.07825,116.349,50.8,93.7447,28.9444,4.54983,1.86927,0.9722,3.3889,4.3611,1.7222,0.8333,0.3333,12.0,10.5383,0.6337,92.1642,3.27464,180.523,5.69996,4.36049,1.33947,6.4191,28.96
9395,2013,damyean dotson,104.9,19.7,50.3,52.26,3.7,11.1,6.8,14.5,116,228,0.509,47,143,0.329,0.5,1.9,17.5,Fr,2.22854,108.682,47.8,91.684,27.8649,2.41829,1.61811,0.8649,2.6486,3.5135,0.8919,0.9189,0.1351,11.3514,8.02384,0.6703,94.751,3.25378,173.614,2.84644,1.6319,1.21453,4.0364,12.27
9512,2015,d'angelo russell,113.6,29.9,54.1,57.29,3.6,15.4,30.1,17.3,136,284,0.479,95,231,0.411,1.1,2.8,30.3,Fr,5.28622,132.576,97.0,89.143,33.9429,8.22413,2.70618,1.0,4.6571,5.6571,5.0,1.5714,0.3143,19.2857,11.6594,0.6364,93.834,4.47433,233.345,9.16316,6.8867,2.27646,10.9303,43.5
9577,2018,daniel gafford,115.9,23.8,60.5,59.43,11.2,20.0,6.0,11.0,164,271,0.605,0,0,0.0,11.5,1.4,59.4,Fr,3.07368,127.463,92.4,94.1192,22.5714,3.57638,2.30227,2.1714,4.0,6.1714,0.6857,0.5429,2.1714,11.8,0.0,0.7882,99.7084,2.73771,183.187,7.68631,2.60176,5.08454,5.87864,37.25
10794,2017,de'aaron fox,110.7,27.6,49.7,54.81,2.1,12.2,28.6,15.8,197,379,0.52,17,69,0.246,0.7,2.7,47.1,Fr,4.05821,127.361,99.0,90.564,29.5556,3.96048,3.21261,0.5833,3.3889,3.9722,4.5833,1.4722,0.1944,16.6944,3.46517,0.6453,96.0513,3.93508,219.063,7.14293,4.40484,2.73808,7.17309,41.13
10810,2018,deandre ayton,126.7,26.2,62.5,64.98,13.5,28.2,10.2,13.1,264,416,0.635,12,35,0.343,6.1,1.0,42.4,Fr,6.07019,140.786,99.4,93.9647,33.4857,8.02725,1.87637,3.3714,8.2,11.5714,1.6286,0.5714,1.8857,20.1143,1.74757,0.8079,97.464,4.06491,265.783,8.89899,5.46564,3.43335,9.90362,46.85
10846,2018,de'andre hunter,115.1,25.4,53.8,58.37,7.6,14.9,11.8,12.3,83,158,0.525,21,55,0.382,2.7,1.9,46.0,Fr,2.81773,128.74,82.0,84.9856,19.9091,4.85204,3.63825,1.1515,2.3939,3.5455,1.0909,0.5758,0.3939,9.1818,5.54977,0.6,89.8999,3.06007,116.054,7.10848,3.7128,3.39568,8.49029,33.01
10904,2017,de'anthony melton,108.0,19.1,48.3,53.05,6.0,13.6,22.5,19.7,80,157,0.51,21,74,0.284,3.9,4.1,47.2,Fr,1.9861,109.064,73.4,94.7375,27.0,2.28814,4.04456,1.3889,3.3333,4.7222,3.4722,1.9167,1.0278,8.3333,4.35535,0.6262,99.2402,3.19273,219.037,7.1726,2.76649,4.40611,6.33269,54.3
11019,2016,dejounte murray,97.8,26.0,45.1,48.51,4.1,13.7,25.7,19.0,168,368,0.457,34,118,0.288,0.8,2.8,34.2,Fr,2.44351,109.327,90.4,96.4446,33.5,1.73456,1.16724,1.4118,4.5588,5.9706,4.4706,1.8235,0.2941,16.1176,5.29374,0.6024,100.785,3.71125,243.083,3.43709,1.76825,1.66884,2.9018,60.76
11095,2010,demarcus cousins,113.5,30.8,56.0,57.93,19.9,24.9,9.2,16.0,205,363,0.565,1,6,0.167,7.5,2.4,72.6,Fr,3.90491,134.082,99.6,79.3387,23.5,6.16153,3.4411,4.0526,5.7895,9.8421,1.0,0.9737,1.7632,15.1316,0.377922,0.7619,83.3244,3.80857,242.468,9.60971,4.65779,4.95191,9.60263,58.71
11291,2017,dennis smith jr,109.5,28.2,52.0,56.31,2.7,11.5,34.2,19.0,136,267,0.509,55,153,0.359,1.2,3.1,47.6,Fr,4.58556,126.048,98.8,102.69,34.8125,5.32612,0.677925,0.8125,3.75,4.5625,6.1562,1.9375,0.4375,18.125,7.59832,0.6398,107.928,3.14567,219.89,6.39739,5.8068,0.590582,6.00404,22.16
11349,2013,denzel valentine,94.6,18.7,49.3,51.61,6.6,16.2,22.3,30.5,51,95,0.537,16,57,0.281,1.9,2.3,25.7,Fr,0.970233,98.6875,77.8,85.9432,20.8,0.67855,3.08766,1.0857,2.9714,4.0571,2.4,0.7714,0.3429,5.0286,4.85983,0.5962,92.1638,2.8842,135.487,5.31999,1.47285,3.84713,3.76621,29.46
11578,2010,derrick favors,109.0,21.8,61.5,62.31,12.5,20.2,7.3,22.9,177,287,0.617,0,1,0.0,7.8,1.8,47.6,Fr,3.13216,118.341,100.0,84.2157,27.7714,3.82367,3.68395,3.0571,5.5714,8.6286,0.9429,0.8857,2.0571,12.5714,0.0579349,0.7829,88.5618,4.06076,235.754,8.92075,2.8466,6.07414,7.50762,47.17
11594,2016,derrick jones jr,111.7,22.2,60.2,60.9,7.9,13.5,8.2,14.7,105,155,0.677,7,37,0.189,6.1,1.8,64.1,Fr,2.06904,116.213,90.6,95.4585,21.3571,1.60142,2.13655,1.5714,2.7143,4.2857,0.7857,0.7143,1.3214,10.8929,3.34286,0.744,97.6519,2.44978,125.595,4.34856,1.36663,2.98192,3.73797,42.99
11636,2010,derrick williams,113.9,26.2,58.2,61.96,9.7,19.7,6.3,15.3,158,266,0.594,4,16,0.25,2.4,1.3,82.3,Fr,4.11243,128.726,81.4,95.3585,28.2258,5.3733,0.437828,2.1935,4.871,7.0645,0.7097,0.6129,0.6452,15.6774,1.06838,0.7588,100.867,2.97851,169.828,3.17199,2.95105,0.220942,5.81113,12.75
11903,2015,devin booker,121.0,20.5,57.1,60.02,2.6,7.8,10.9,13.8,77,146,0.527,58,141,0.411,0.3,1.3,22.3,Fr,3.01039,128.123,95.8,86.245,21.5,5.91621,2.31563,0.4474,1.5526,2.0,1.1053,0.4474,0.0526,10.0263,10.7706,0.7119,91.0701,3.04056,117.322,6.83479,5.679,1.15579,8.23184,49.86
11907,2010,devin booker,100.4,20.5,56.1,56.09,10.8,17.6,5.4,22.3,60,106,0.566,0,1,0.0,1.1,1.9,42.1,Fr,0.83479,106.529,80.6,88.4566,11.5625,-0.193589,0.778677,1.125,1.8125,2.9375,0.3125,0.375,0.125,4.5,0.152589,0.7903,92.3856,1.52656,72.6499,0.392226,-0.203306,0.595532,0.585088,49.86
12216,2015,devonte' graham,106.1,18.9,46.6,53.56,1.8,7.1,23.0,20.1,29,77,0.377,17,40,0.425,0.0,2.9,65.0,Fr,1.58939,113.177,80.4,92.3543,17.8276,1.54818,2.87605,0.2759,1.2069,1.4828,2.1034,0.8621,0.0,5.6552,4.60748,0.5,99.4843,2.15884,84.8161,4.0802,2.87547,1.20473,4.42422,46.5
12355,2015,dillon brooks,105.7,22.6,49.8,54.66,7.4,11.6,11.9,18.5,116,237,0.489,28,80,0.35,2.1,1.0,31.9,Fr,2.51923,113.355,88.4,100.654,28.3333,1.71256,-0.160257,1.7222,3.1667,4.8889,1.8056,0.5,0.5556,11.4722,4.78157,0.584,106.037,2.59365,157.35,2.50112,2.35756,0.143562,1.5523,51.26
12414,2011,dion waiters,108.1,21.2,47.6,51.86,2.7,8.1,17.5,15.8,47,102,0.461,27,82,0.329,0.8,4.2,25.5,Fr,1.63374,115.306,96.0,90.0626,16.3333,1.54584,3.34324,0.3636,1.2424,1.6061,1.5152,1.1212,0.1212,6.4848,9.148,0.5818,95.5796,2.07364,99.9614,4.16102,3.08896,1.07206,4.88908,38.71
12705,2015,domantas sabonis,118.4,21.9,65.6,66.38,13.2,24.2,7.7,20.2,137,209,0.656,0,0,0.0,1.5,1.2,55.0,Fr,2.77039,124.285,60.2,87.1714,21.6316,3.34384,1.48338,2.1316,4.8947,7.0263,0.8684,0.4474,0.3158,9.7105,0.0,0.7315,90.7303,3.01955,171.557,5.34726,3.37698,1.97028,4.82722,57.09
12918,2016,donovan mitchell,113.7,20.8,48.9,52.75,6.6,13.5,15.8,14.6,66,118,0.559,18,72,0.25,0.6,2.5,30.0,Fr,1.99667,118.103,94.4,86.8733,19.0645,2.00365,3.71049,1.0968,2.2581,3.3548,1.6774,0.8065,0.0968,7.3871,7.27366,0.717,92.4761,2.78403,111.579,5.59032,3.07372,2.5166,5.71414,53.49
13063,2012,dorian finney smith,92.9,18.1,39.4,42.73,11.4,17.4,13.1,20.9,43,137,0.314,26,71,0.366,2.7,1.6,37.0,Fr,0.863422,94.3459,95.4,92.8925,29.0,0.0580196,1.22854,2.7576,4.2727,7.0303,1.8788,0.7273,0.697,6.3333,4.69012,0.4194,96.1581,3.34138,177.327,3.40077,0.636195,2.76457,1.28655,49.26
13108,2011,doug mcdermott,110.1,26.2,58.1,60.67,9.6,20.5,9.8,18.5,173,303,0.571,47,116,0.405,0.4,0.6,30.1,Fr,3.36637,119.763,69.2,101.427,29.0513,4.33506,-1.37196,2.1026,5.0769,7.1795,1.1538,0.2821,0.1026,14.8974,6.43906,0.7219,102.733,2.56243,188.789,1.91937,3.00352,-1.08415,2.96311,23.94
13465,2016,dwayne bacon,102.8,27.3,48.3,52.12,5.4,17.4,10.4,15.3,165,327,0.505,32,114,0.281,0.1,1.9,34.9,Fr,2.82123,116.26,96.8,97.9688,28.7941,2.16594,-0.279809,1.3529,4.4412,5.7941,1.4706,0.9706,0.0294,15.7647,6.44855,0.6343,103.227,3.08491,183.109,0.967929,1.46063,-0.492701,1.88613,12.8
13534,2011,dwight powell,102.6,19.2,48.9,53.62,6.8,19.0,8.6,18.3,81,162,0.5,7,25,0.28,4.2,1.9,54.0,Fr,1.54492,104.592,93.4,91.6343,24.3871,-0.14914,3.00689,1.3871,3.7742,5.1613,0.9677,0.7742,0.9032,8.129,1.99958,0.7051,94.4292,2.97459,160.383,4.0042,0.30265,3.70155,2.85775,46.86
14378,2010,eric bledsoe,100.4,20.2,54.0,56.56,2.0,8.6,16.8,27.7,95,184,0.516,49,128,0.383,1.1,2.6,39.4,Fr,2.00502,104.97,86.6,90.0148,30.3243,0.921529,2.70493,0.5135,2.5676,3.0811,2.8919,1.4054,0.3243,11.3243,6.41899,0.6545,94.8649,3.80115,201.434,4.2837,1.79336,2.49034,3.62646,54.21
14529,2015,eric paschall,96.5,27.3,47.2,51.89,5.7,14.2,8.2,19.9,97,201,0.483,41,135,0.304,1.7,1.5,30.4,Fr,2.24291,108.17,58.2,105.528,31.1852,1.86446,-1.67107,1.6667,3.8148,5.4815,1.0,0.7778,0.4444,15.9259,10.0381,0.5833,105.036,2.35918,132.478,-2.08513,-0.222871,-1.86226,0.193384,23.29
15255,2017,frank jackson,116.4,20.4,56.4,59.8,3.1,8.2,12.6,15.4,82,152,0.539,51,129,0.395,0.2,1.3,36.3,Fr,3.14817,124.244,97.6,97.4997,24.8889,3.37386,0.632511,0.6389,1.8611,2.5,1.6944,0.5556,0.0556,10.9444,8.25089,0.6667,105.15,2.71476,132.144,4.07002,4.53684,-0.466824,4.00637,24.38
15261,2012,frank kaminsky,106.0,16.3,50.0,50.28,10.3,12.6,7.9,15.5,13,21,0.619,10,35,0.286,5.0,1.0,25.0,Fr,0.510125,104.755,51.8,85.5435,7.7429,-0.238786,3.18183,0.6286,0.8,1.4286,0.2857,0.1143,0.3714,1.8,8.84813,0.7059,90.1626,1.09244,45.5404,5.12295,1.69316,3.42979,2.94304,33.47
15676,2015,gary clark,114.9,17.8,52.4,54.26,13.4,18.9,13.9,15.1,110,205,0.537,0,5,0.0,5.5,2.5,34.3,Fr,2.654,115.296,82.2,86.3125,27.7941,4.33149,3.773,2.7647,4.4706,7.2353,1.6765,1.0294,1.3235,7.7941,0.354101,0.6066,87.7767,3.90553,192.143,9.3512,3.56196,5.78924,8.10449,13.8
15694,2013,gary harris,115.1,20.4,56.4,58.75,3.7,6.3,9.5,14.8,84,169,0.497,65,153,0.425,0.7,2.8,27.6,Fr,4.02039,123.983,96.4,89.3441,29.9091,4.99808,2.71051,0.8788,1.6667,2.5455,1.303,1.3636,0.1818,12.9697,9.62169,0.6129,96.144,3.79433,154.748,7.02431,5.43082,1.59349,7.7086,40.66
15719,2018,gary trent jr,122.3,17.3,52.8,56.65,2.9,10.3,6.8,9.9,80,186,0.43,97,241,0.402,0.4,2.0,22.7,Fr,4.20346,123.926,96.8,96.3665,33.7568,3.98383,1.86363,0.8378,3.4054,4.2432,1.4054,1.1622,0.1351,14.4865,10.8888,0.6349,101.732,3.84901,210.866,6.50756,4.92641,1.58114,5.84746,49.81
15899,2013,georges niang,116.7,21.9,57.7,59.86,6.2,14.2,14.6,15.7,119,208,0.572,38,97,0.392,0.9,1.5,32.8,Fr,3.35838,124.377,86.0,97.4618,25.0857,3.99989,1.00749,1.3429,3.2286,4.5714,1.8286,0.6571,0.2286,12.0571,6.32598,0.8182,100.858,2.44093,160.207,5.64999,5.20599,0.444004,5.00738,36.79
16075,2013,glenn robinson iii,128.0,15.3,60.9,62.41,7.8,11.2,5.7,9.9,139,214,0.65,23,71,0.324,0.8,1.9,36.8,Fr,4.78519,126.589,96.8,93.7873,33.6842,5.18654,1.84601,2.1316,3.2105,5.3421,1.0789,1.0263,0.2632,11.0,3.47075,0.7674,99.8725,3.71723,209.433,8.65256,6.45742,2.19513,7.03255,24.74
16126,2011,gorgui dieng,113.0,18.5,61.8,60.88,13.4,18.3,8.2,19.0,68,109,0.624,0,1,0.0,13.7,1.7,47.3,Fr,1.52568,114.777,91.6,84.0792,15.5517,1.73786,5.16395,1.8276,2.5862,4.4138,0.6552,0.4483,1.931,5.6552,0.130427,0.7385,88.3349,2.2925,105.295,10.1501,1.03453,9.11561,6.90181,36.98
16211,2017,grant williams,107.6,25.0,52.5,57.01,12.2,12.8,9.4,17.4,116,224,0.518,12,31,0.387,7.7,1.7,73.3,Fr,3.00821,121.732,62.0,94.1575,25.4375,3.36824,2.5665,2.9375,2.9688,5.9062,1.125,0.8125,1.9062,12.5625,2.17324,0.629,98.7246,3.08224,169.662,7.96014,2.93535,5.02479,5.93474,36.95
16217,2015,grayson allen,118.3,21.8,50.9,58.32,3.5,8.9,7.8,12.9,27,54,0.5,18,52,0.346,1.5,1.9,50.0,Fr,1.26403,127.251,95.0,93.2819,9.2,2.79309,1.30513,0.2571,0.7429,1.0,0.4,0.2857,0.1429,4.3714,9.72355,0.6571,99.3689,1.08155,51.9522,4.74114,4.4103,0.330831,4.09822,39.63
16493,2018,hamidou diallo,101.1,21.3,47.0,49.75,4.2,11.5,9.5,14.8,108,236,0.458,26,77,0.338,1.6,1.8,40.3,Fr,1.8012,108.791,98.2,95.8859,24.8108,0.309039,1.49573,0.8649,2.7568,3.6216,1.2432,0.7568,0.3514,10.027,4.77257,0.629,102.116,2.87974,163.536,2.72071,1.43527,1.28545,1.80476,36.2
16537,2011,harrison barnes,106.8,24.7,49.0,52.17,7.2,12.8,9.6,14.6,143,302,0.474,67,195,0.344,1.4,1.4,24.9,Fr,3.3071,118.812,100.0,89.8594,29.3784,4.86756,1.68096,2.027,3.8108,5.8378,1.4324,0.7297,0.4324,15.6757,9.78697,0.7246,96.5172,3.76606,206.999,6.45127,4.443,2.00827,6.54853,36.84
16724,2010,hollis thompson,112.1,13.0,56.6,57.64,5.3,9.4,8.6,18.0,27,58,0.466,28,64,0.438,2.3,2.8,32.0,Fr,1.40506,106.519,89.4,93.1615,19.4706,1.83299,2.67903,0.7647,1.5882,2.3529,0.9706,0.9118,0.4118,4.7647,5.75156,0.5667,99.9124,2.25277,117.343,5.54891,3.55306,1.99585,4.51201,21.15
16886,2010,ian clark,103.3,24.5,55.6,58.04,2.8,9.2,16.9,23.4,89,176,0.506,74,184,0.402,1.1,2.1,22.2,Fr,2.18665,107.174,36.8,100.956,29.6129,2.81761,-0.0156169,0.7097,2.5806,3.2903,2.1613,1.0645,0.3226,14.9032,11.3308,0.5976,99.0412,2.60432,159.989,1.90783,1.57848,0.329354,2.80199,19.62
17663,2014,jabari parker,111.7,31.6,51.1,55.77,11.4,23.1,8.7,14.5,198,393,0.504,38,106,0.358,4.0,2.1,42.9,Fr,4.91923,134.716,99.4,93.1302,30.6571,6.33399,0.513063,3.0,5.7429,8.7429,1.1714,1.0571,1.2286,19.1429,5.99369,0.6231,98.2252,3.87471,217.143,6.22828,4.13547,2.09281,6.84705,32.82
18176,2015,jahlil okafor,116.4,27.6,66.4,64.14,14.8,18.2,9.4,18.2,279,420,0.664,0,0,0.0,4.5,1.5,46.2,Fr,4.86364,134.278,100.0,87.7919,30.0789,7.26684,2.26927,3.5263,4.9474,8.4737,1.2895,0.7632,1.4211,17.2895,0.0,0.7889,94.5347,4.1073,226.642,9.34057,5.72749,3.61308,9.53611,25.32
18287,2013,jakarr sampson,94.7,27.2,44.9,47.71,7.3,14.9,7.9,13.8,202,442,0.457,0,8,0.0,3.5,2.1,30.2,Fr,2.39299,107.376,92.6,91.3729,31.5152,1.4529,1.39816,2.1818,4.4242,6.6061,1.0606,1.0909,1.0909,14.8788,0.454826,0.6446,96.0357,3.73378,204.051,0.765734,-0.703862,1.4696,2.85106,36.93
18381,2013,jake layman,102.2,15.4,48.9,50.96,5.6,11.9,8.7,19.7,39,70,0.557,35,117,0.299,3.3,1.6,19.3,Fr,0.82285,97.1877,86.4,92.0703,19.9211,1.18157,2.51126,0.9211,2.3158,3.2368,0.9474,0.5526,0.6316,5.4737,9.10206,0.7045,95.5593,2.33111,140.367,4.91716,1.77755,3.1396,3.69283,23.55
18550,2016,jalen brunson,107.9,22.1,53.9,58.14,2.4,5.9,19.1,20.2,77,151,0.51,49,128,0.383,0.0,1.7,38.0,Fr,2.38076,116.627,95.8,94.1811,23.975,2.45949,1.27584,0.45,1.3,1.75,2.5,0.7,0.0,9.575,7.9275,0.6329,99.9446,2.88415,144.7,3.61792,3.31605,0.301867,3.73533,49.58
18931,2016,jamal murray,118.0,25.4,55.9,59.0,4.9,11.1,12.1,15.3,131,261,0.502,113,277,0.408,0.9,1.6,28.3,Fr,5.41928,132.758,98.2,96.6981,35.1944,8.14081,0.829595,1.4722,3.6944,5.1667,2.1944,0.9722,0.3056,20.0,12.7837,0.6937,101.145,3.89906,209.711,8.14115,7.25949,0.88166,8.97041,56.65
19268,2011,james johnson,93.6,15.0,44.4,46.88,12.5,8.1,3.1,19.2,16,36,0.444,0,0,0.0,2.3,0.3,63.9,Fr,0.0185233,87.0053,27.2,105.738,7.1786,-3.768,-0.799146,0.7857,0.5,1.2857,0.1071,0.0357,0.1429,1.5714,0.0,0.48,104.619,0.527819,29.8735,-4.35939,-3.16867,-1.19072,-4.56714,35.42
19675,2011,jared sullinger,121.1,26.8,54.5,59.14,14.1,26.0,7.4,11.6,219,398,0.55,3,12,0.25,2.0,2.0,65.1,Fr,5.56031,137.02,99.4,83.2367,31.6757,6.75443,1.60343,3.5405,6.6486,10.1892,1.1622,1.0,0.5405,17.1622,0.634109,0.6995,88.8615,4.78604,252.581,7.78311,5.53495,2.24816,8.35786,50.12
19711,2018,jaren jackson jr,116.8,22.8,59.5,64.71,8.7,19.7,9.3,20.8,81,136,0.596,38,96,0.396,14.2,1.6,57.3,Fr,2.85891,125.628,98.6,82.3774,21.8571,3.90199,6.66517,1.4857,4.3143,5.8,1.1143,0.6,3.0,10.9143,7.36253,0.6559,85.8569,3.55732,203.113,12.7801,3.42652,9.35353,10.5672,52.48
19842,2017,jarrett allen,101.9,22.9,56.6,57.14,11.0,18.8,5.5,20.1,179,309,0.579,0,7,0.0,5.0,1.0,47.2,Fr,2.65605,111.598,96.8,91.3054,32.1515,2.13467,2.01551,3.0303,5.3939,8.4242,0.7879,0.5758,1.5455,13.3939,0.382352,0.7101,99.0269,4.198,209.689,3.4387,-0.15881,3.59751,4.15017,55.65
20277,2019,jaxson hayes,133.8,16.9,72.8,73.9,8.8,16.2,2.6,13.9,123,169,0.728,0,0,0.0,10.6,1.5,59.2,Fr,3.96095,136.739,79.8,88.6571,23.3438,3.95482,5.02707,1.75,3.25,5.0,0.2812,0.5938,2.2188,10.0,0.0,0.8537,94.8033,3.27939,161.475,10.4958,3.60466,6.89117,8.98189,24.84
20425,2016,jaylen brown,95.4,30.9,47.1,51.76,4.5,16.5,15.1,21.0,133,276,0.482,30,102,0.294,2.2,1.7,57.4,Fr,2.2008,111.139,99.4,91.4564,27.6176,0.728962,1.94263,1.0588,4.2941,5.3529,1.9706,0.7941,0.6471,14.6471,6.30595,0.6125,96.1781,3.55465,185.694,2.64996,0.00518571,2.64478,2.67159,49.96
20557,2017,jayson tatum,108.9,25.4,50.7,56.61,4.9,19.7,12.4,17.7,125,248,0.504,40,117,0.342,3.2,2.3,38.1,Fr,4.16553,123.83,99.4,89.1819,33.3103,4.14057,2.5717,1.3448,6.0,7.3448,2.1379,1.3448,1.1379,16.8276,6.93329,0.627,96.6201,4.59476,209.644,6.47515,3.17569,3.29946,6.71227,70.48
20858,2013,jerami grant,103.2,16.0,48.7,51.1,9.0,13.6,5.9,17.2,48,102,0.471,6,15,0.4,3.7,1.8,62.4,Fr,0.879381,103.078,90.6,86.2944,14.3,0.681628,2.53914,1.15,1.8,2.95,0.45,0.425,0.425,3.875,1.59204,0.6038,91.0257,1.95325,103.972,3.79555,1.10662,2.68892,3.22077,35.63
21032,2011,jeremy lamb,116.6,19.3,54.8,56.84,5.0,12.2,12.3,14.6,136,249,0.546,46,125,0.368,2.2,1.9,15.8,Fr,3.39066,122.047,83.0,92.2786,27.8049,5.14917,2.31334,1.2195,3.2439,4.4634,1.6098,0.8537,0.6098,11.1463,6.74108,0.7831,98.9458,3.28292,196.267,7.02246,4.50206,2.5204,7.4625,44.46
21412,2015,jevon carter,106.2,17.9,45.1,48.64,4.6,7.2,14.8,15.8,47,111,0.423,48,153,0.314,0.5,4.7,23.1,Fr,1.74618,108.694,40.4,90.7856,23.7714,2.95885,3.55916,1.1143,1.2286,2.3429,1.7714,1.9143,0.0857,8.1429,10.5545,0.5224,95.9013,2.999,161.41,6.42701,3.79527,2.63175,6.51801,32.8
21692,2011,joe harris,105.3,20.1,54.5,56.96,4.6,14.0,10.3,17.3,42,100,0.42,65,156,0.417,1.5,1.9,22.7,Fr,2.36588,109.675,73.8,97.0835,29.3548,2.95883,1.24265,1.129,3.2258,4.3548,1.2581,0.871,0.3548,10.4194,11.1003,0.5532,100.621,3.01558,152.191,5.23394,3.05488,2.17906,4.20148,41.05
21829,2014,joel embiid,112.0,24.4,62.9,65.5,12.7,27.3,11.5,24.1,106,166,0.639,1,5,0.2,11.7,2.3,83.6,Fr,2.92867,124.998,97.4,83.519,23.1071,4.24577,6.35075,2.3214,5.7857,8.1071,1.3571,0.8929,2.5714,11.1786,0.444178,0.8081,90.0859,3.6851,176.276,12.7402,3.37781,9.36236,10.5965,76.47
21983,2016,john collins,110.3,23.5,54.7,58.92,12.6,16.7,3.5,16.3,81,148,0.547,0,0,0.0,5.0,1.1,63.5,Fr,1.56539,119.529,63.2,99.4688,14.3871,1.35353,0.649195,1.6774,2.2581,3.9355,0.2258,0.2903,0.7419,7.3226,0.0,0.6627,107.265,1.46039,86.4562,0.750399,0.256339,0.49406,2.00272,46.6
22081,2010,john henson,95.7,20.5,49.7,49.15,10.7,17.8,10.9,20.4,84,163,0.515,4,18,0.222,9.4,2.5,40.3,Fr,0.851313,101.291,99.2,86.8228,15.8649,2.36556,4.81963,1.6216,2.8108,4.4324,0.9189,0.7297,1.5676,5.7297,1.67613,0.8548,92.0505,2.16987,149.79,7.42647,0.405596,7.02087,7.1852,31.87
22230,2010,john wall,108.7,26.9,50.3,56.18,2.7,10.1,34.8,24.2,165,324,0.509,37,114,0.325,1.5,2.9,53.0,Fr,4.41717,122.661,99.8,88.793,34.8108,4.82966,2.89544,0.8108,3.4865,4.2973,6.5135,1.7838,0.5135,16.6486,4.98101,0.6374,93.3072,4.50963,247.229,7.09124,4.39997,2.69126,7.72509,52.04
22533,2017,jonathan isaac,118.8,20.0,56.8,61.37,7.7,25.0,7.5,15.7,99,167,0.593,31,89,0.348,6.2,2.4,46.1,Fr,3.31379,124.259,98.6,85.7333,26.1875,5.44522,3.71742,1.75,6.0938,7.8438,1.1562,1.1562,1.5312,11.9688,5.82381,0.6822,92.6767,3.92563,213.687,8.94668,3.5937,5.35299,9.16264,64.44
22790,2011,jordan clarkson,96.7,27.2,47.8,55.07,2.0,7.8,17.8,25.6,77,158,0.487,20,66,0.303,0.5,1.8,54.0,Fr,1.77152,107.059,59.0,100.56,24.8889,-0.0654497,-0.276427,0.4074,1.6667,2.0741,1.9259,0.7407,0.1111,11.4815,5.88676,0.6269,103.062,2.24599,106.363,-1.44798,-0.591905,-0.856076,-0.341877,44.77
23071,2015,jordan mclaughlin,94.5,24.9,40.7,44.83,1.8,8.6,30.1,16.7,61,150,0.407,28,103,0.272,0.8,2.8,36.4,Fr,1.65888,102.828,91.6,100.115,31.6364,1.24169,0.753877,0.5,2.5,3.0,4.5455,1.5,0.2273,12.0909,8.57646,0.5135,103.102,2.92898,120.924,1.90647,1.68889,0.217584,1.99557,39.79
23130,2018,jordan poole,108.0,23.2,53.5,57.55,0.8,12.8,9.0,12.9,34,65,0.523,38,105,0.362,1.4,2.5,29.4,Fr,1.24673,117.323,81.6,89.3059,12.2051,3.22238,3.17674,0.0769,1.2821,1.359,0.5641,0.5128,0.1538,5.9744,13.7193,0.7297,95.3795,1.69511,86.5604,4.45869,2.32799,2.1307,6.39912,47.22
23673,2014,josh hart,126.8,16.8,57.5,60.34,10.2,13.7,8.1,9.2,61,91,0.67,26,83,0.313,1.4,1.5,55.2,Fr,2.6629,124.859,84.4,92.9412,21.3824,3.51704,2.01626,1.8235,2.6176,4.4412,0.8824,0.5588,0.2647,7.7941,6.71722,0.7536,98.2602,2.67695,128.35,6.85895,4.84649,2.01246,5.5333,47.53
23709,2017,josh jackson,108.2,27.3,55.2,55.95,8.7,17.4,18.2,18.4,186,339,0.549,34,90,0.378,3.5,3.1,40.3,Fr,3.96351,125.309,100.0,89.032,30.7714,5.1048,3.50141,2.3143,5.0571,7.3714,2.9714,1.6857,1.0571,16.3429,4.65208,0.6895,95.418,4.21538,249.205,9.08058,4.44679,4.63379,8.60621,29.94
23808,2017,josh okogie,103.4,26.6,48.1,54.55,5.2,13.5,12.3,14.6,163,350,0.466,26,70,0.371,2.5,2.4,56.4,Fr,2.95936,115.324,63.8,90.7576,30.8378,2.22646,2.67989,1.4865,3.9459,5.4324,1.6486,1.2973,0.7297,16.1081,3.6172,0.5023,96.3352,4.10337,221.734,3.51944,0.833887,2.68555,4.90635,39.78
23841,2012,josh richardson,82.8,13.9,40.3,43.23,3.9,6.3,7.9,25.2,26,61,0.426,9,37,0.243,3.3,2.1,25.5,Fr,-0.419763,77.8935,51.0,95.1624,15.7879,-2.8798,2.71463,0.5152,0.8788,1.3939,0.6364,0.5455,0.5152,2.8788,4.32562,0.5789,100.154,1.67675,85.1826,1.24189,-1.90303,3.14492,-0.16517,42.31
24355,2014,julius randle,111.2,26.2,50.4,56.59,13.4,24.7,10.0,18.7,193,374,0.516,3,18,0.167,2.6,1.0,73.7,Fr,4.08221,126.832,99.8,91.0035,30.825,4.90839,1.37976,3.5,6.925,10.425,1.425,0.5,0.775,14.975,0.875006,0.6701,96.732,4.09889,249.652,5.23199,3.14857,2.08342,6.28816,35.97
24436,2013,justin anderson,106.3,20.8,46.7,52.31,5.1,12.2,20.2,16.1,69,146,0.473,20,66,0.303,6.0,2.3,42.0,Fr,2.13559,110.949,90.2,87.2959,24.0286,2.98188,3.86498,0.9143,2.4,3.3143,2.3143,0.8571,1.2,7.6,5.11349,0.5802,88.9786,3.20764,159.427,7.74244,2.68901,5.05342,6.84686,30.61
24635,2017,justin jackson,105.7,19.6,52.9,55.97,7.3,16.4,6.3,17.5,70,158,0.443,45,102,0.441,3.0,1.8,36.2,Fr,2.19431,110.363,83.8,94.8781,27.8485,2.62768,1.35282,1.7576,4.2727,6.0303,0.9394,0.8788,0.7879,10.5152,6.62639,0.6282,99.1523,3.31066,177.504,4.20945,2.06726,2.14219,3.9805,20.83
24637,2015,justin jackson,114.0,19.2,52.0,54.67,5.9,8.8,15.1,15.1,129,237,0.544,28,92,0.304,2.0,1.1,28.3,Fr,3.11145,120.64,98.4,95.6694,27.1316,5.37067,1.40315,1.3684,2.2895,3.6579,2.3158,0.5263,0.5,10.7368,5.13102,0.72,103.534,2.96805,157.377,6.98571,5.26117,1.72455,6.77382,20.83
24641,2011,justin jackson,84.6,15.8,53.4,49.62,7.8,15.9,10.3,31.6,38,71,0.535,1,3,0.333,4.4,3.6,44.6,Fr,-0.200338,81.7751,68.8,84.8035,12.9143,-3.40729,5.08411,0.8571,1.6571,2.5143,0.6857,0.7429,0.5143,2.5429,0.414616,0.6667,88.4505,1.88095,97.9436,4.19103,-2.14591,6.33694,1.67682,20.83
24872,2015,justise winslow,112.2,22.4,55.1,57.2,5.4,19.8,13.2,16.8,127,246,0.516,46,110,0.418,2.9,2.8,43.8,Fr,3.46074,121.863,97.6,85.5702,29.1026,4.83748,4.19282,1.2564,5.2051,6.4615,2.1026,1.3333,0.8718,12.6154,5.83216,0.6871,92.0154,4.19758,246.908,9.53879,4.7201,4.8187,9.03031,34.11
25317,2015,karl anthony towns,122.7,24.2,57.0,62.72,14.1,22.2,11.5,16.6,143,248,0.577,2,8,0.25,11.4,1.4,52.3,Fr,3.50076,135.582,99.2,73.2127,21.1282,6.31975,6.80643,2.359,4.3333,6.6923,1.1282,0.4615,2.2564,10.2821,0.606421,0.719,77.2779,3.93509,202.777,14.8828,5.63939,9.24336,13.1262,62.81
25459,2010,kawhi leonard,106.5,24.1,46.8,50.79,13.7,23.7,12.1,17.8,140,273,0.513,15,74,0.203,2.6,2.8,33.1,Fr,3.16387,115.066,88.8,88.1581,31.4375,3.13155,1.60206,3.4688,6.4062,9.875,1.7812,1.4062,0.7188,12.75,4.53808,0.7043,90.8009,4.13471,223.438,5.99483,3.0409,2.95393,4.73361,91.64
25628,2015,keita bates diop,117.1,18.0,57.0,58.8,4.9,18.9,9.5,13.3,26,54,0.481,18,39,0.462,6.7,2.0,30.1,Fr,1.03954,117.835,94.4,86.9556,9.9091,3.78106,3.69288,0.3939,1.6667,2.0606,0.5152,0.3333,0.5758,3.7879,7.15267,0.5588,91.2173,1.3803,70.5637,6.44336,2.22131,4.22205,7.47394,33.11
26124,2012,kentavious caldwell pope,104.0,23.3,48.0,49.94,5.0,14.7,9.8,9.8,87,170,0.512,65,214,0.304,1.3,3.7,21.1,Fr,3.08951,113.741,97.8,93.0422,32.125,4.5191,2.19771,1.4062,3.7812,5.1875,1.2188,1.8125,0.3438,13.1875,13.5542,0.6047,97.9889,3.66979,193.437,6.1586,4.21228,1.94632,6.7168,44.9
26391,2017,kevin huerter,110.7,16.4,54.3,55.37,2.7,16.0,17.9,16.8,42,85,0.494,64,169,0.379,2.4,1.9,11.0,Fr,2.31176,110.273,87.2,95.2064,29.4242,4.21576,2.69708,0.6667,4.2727,4.9394,2.6667,0.9697,0.697,9.303,10.3715,0.6279,99.4954,3.46818,185.235,6.76639,3.79416,2.97223,6.91284,46.01
26492,2019,kevin porter jr,98.4,22.8,56.1,55.91,4.8,15.0,12.0,20.8,46,89,0.517,28,68,0.412,2.6,2.1,29.3,Fr,1.35541,105.347,94.6,97.8478,22.0952,1.39332,0.965498,0.9524,3.0476,4.0,1.4286,0.8095,0.5238,9.5238,8.2556,0.6875,100.088,2.39508,94.1094,1.85504,0.566484,1.28856,2.35882,39.35
26569,2015,kevon looney,113.0,20.0,50.5,53.22,12.2,21.0,9.1,11.9,129,268,0.481,22,53,0.415,3.3,2.5,45.8,Fr,3.40004,119.258,98.0,91.9367,30.9444,4.43098,1.88494,3.3889,5.8056,9.1944,1.4167,1.2778,0.8889,11.5556,2.80204,0.641,96.2307,3.78196,242.473,7.63282,4.25398,3.37884,6.31592,51.22
26742,2010,khris middleton,107.8,18.9,51.1,55.43,6.6,12.7,10.4,18.2,45,87,0.517,33,98,0.337,1.4,2.5,38.9,Fr,1.8213,110.979,79.8,88.9265,20.9394,2.41804,3.03332,1.2121,2.3333,3.5455,1.0303,0.8788,0.2727,7.3636,8.41877,0.6818,95.6938,2.70989,131.273,7.10893,3.78742,3.32151,5.45136,57.49
27166,2013,kris dunn,96.0,16.2,41.5,47.16,6.6,13.2,22.8,25.8,45,109,0.413,4,14,0.286,1.1,2.6,47.2,Fr,1.09285,96.9394,97.0,91.2872,27.2,-0.986535,3.0332,1.64,3.16,4.8,3.16,1.16,0.28,5.68,1.24859,0.4918,96.3197,3.2349,128.602,3.65985,0.56284,3.09701,2.04666,40.8
27324,2013,kyle anderson,100.2,21.2,43.0,48.48,8.0,23.0,20.8,18.9,114,255,0.447,8,38,0.211,2.8,3.4,39.9,Fr,2.25417,107.292,99.6,86.789,29.8857,2.63314,3.87285,2.1143,6.5143,8.6286,3.4857,1.7714,0.8857,9.6571,2.08456,0.5926,90.5974,3.99921,263.563,8.05055,2.39874,5.65181,6.50598,44.06
27452,2015,kyle kuzma,102.4,23.9,52.0,53.46,5.0,20.9,16.8,18.3,23,42,0.548,11,34,0.324,2.2,0.3,40.8,Fr,0.669359,110.996,62.8,88.3311,8.129,0.128655,1.74312,0.3226,1.4516,1.7742,0.6129,0.0323,0.1613,3.3226,8.77845,0.8,92.0979,1.10713,43.1138,2.79757,1.04838,1.74919,1.87177,26.59
27607,2011,kyrie irving,130.5,27.2,61.5,69.7,2.3,10.6,29.8,18.6,37,65,0.569,18,39,0.462,1.8,3.0,68.3,Fr,5.95161,148.528,99.8,87.1588,27.5455,9.48637,4.37825,0.5455,2.8182,3.3636,4.2727,1.4545,0.5455,17.4545,7.29491,0.6667,91.7011,3.80115,61.4034,12.1928,9.40502,2.78781,13.8646,60.61
27810,2010,lance stephenson,99.3,26.0,46.2,49.35,7.3,14.0,19.1,19.5,146,295,0.495,16,73,0.219,0.7,1.9,32.3,Fr,2.43413,110.932,98.4,93.3915,28.2353,2.87922,1.68549,1.8529,3.5,5.3529,2.4706,0.9118,0.1765,12.3235,4.55624,0.6556,99.2715,3.1973,171.527,3.66146,1.66201,1.99945,4.56471,21.68
27856,2017,landry shamet,130.3,18.4,60.3,63.38,2.3,8.8,22.2,12.6,61,117,0.521,71,161,0.441,0.9,1.4,30.2,Fr,3.92745,129.934,70.6,93.9051,26.6667,6.02053,2.26095,0.5833,2.1944,2.7778,3.25,0.6667,0.1944,11.5,9.82879,0.5789,95.0558,3.26444,158.37,7.9924,6.6438,1.3486,8.28147,36.28
27867,2011,langston galloway,115.0,20.1,49.6,54.81,4.8,14.1,19.0,11.0,70,172,0.407,65,166,0.392,1.7,3.1,28.7,Fr,3.83301,118.707,66.4,103.382,34.303,4.54378,0.835637,1.3939,4.1515,5.5455,2.8788,1.697,0.5455,12.7576,9.16564,0.4848,105.235,2.78156,208.595,5.53847,5.38694,0.151524,5.37942,37.46
28034,2017,lauri markkanen,130.1,21.5,58.4,63.45,10.0,17.5,5.6,9.8,116,213,0.545,69,163,0.423,1.8,0.8,43.6,Fr,5.35761,137.903,93.0,94.657,30.8108,7.74147,0.84563,2.3784,4.8108,7.1892,0.8649,0.4054,0.5135,15.5676,8.55561,0.65,99.0583,3.66462,203.764,7.77584,6.9491,0.826736,8.5871,34.0
28535,2018,lonnie walker iv,107.9,21.1,50.3,52.74,1.7,9.2,13.0,11.6,76,156,0.487,56,162,0.346,1.8,2.0,20.4,Fr,2.47646,113.718,97.0,97.8887,27.75,2.92349,1.57556,0.4062,2.1875,2.5938,1.9062,0.9375,0.4688,11.5,10.7291,0.59,101.866,3.01536,148.382,4.42331,3.28302,1.1403,4.49906,27.89
28537,2017,lonzo ball,129.4,20.1,66.8,67.26,3.2,14.3,31.4,18.9,109,149,0.732,80,194,0.412,2.1,2.8,28.6,Fr,5.50817,133.073,99.6,95.9566,35.0556,7.65462,3.37211,0.9167,5.0833,6.0,7.6111,1.8333,0.7778,14.5556,8.28628,0.7833,99.8459,4.0114,275.837,11.0424,8.18346,2.85898,11.0267,56.21
28706,2019,luguentz dort,98.9,27.1,46.7,51.77,4.5,10.0,15.0,18.7,120,254,0.472,54,176,0.307,0.8,2.7,48.1,Fr,2.4587,110.24,94.2,97.309,31.5588,1.21371,1.11304,1.2941,2.9706,4.2647,2.3235,1.5294,0.2059,16.0882,8.97904,0.512,100.209,3.46962,212.483,2.59497,1.73009,0.864884,2.32675,36.62
28842,2016,luke kennard,120.7,20.1,50.3,55.62,4.1,10.6,10.6,8.5,86,163,0.528,55,172,0.32,0.6,2.1,29.6,Fr,3.55767,126.594,96.0,99.0448,26.6944,3.91087,0.767283,0.9722,2.6111,3.5833,1.5,0.9444,0.1667,11.8056,10.4129,0.6761,106.756,2.7517,158.175,5.20396,5.06178,0.142178,4.67815,33.57
29142,2012,malcolm brogdon,93.1,20.7,46.5,51.44,3.1,12.6,13.2,22.2,41,91,0.451,22,68,0.324,0.6,1.5,31.4,Fr,0.793795,95.9328,80.6,89.5082,22.3571,-0.663274,1.7916,0.5,2.2857,2.7857,1.3571,0.5,0.1071,6.7143,7.1241,0.5469,91.276,2.85806,99.7032,1.18393,-0.906024,2.08995,1.12833,54.39
29245,2016,malik beasley,114.9,23.0,54.1,58.29,5.0,15.1,9.8,14.0,130,251,0.518,55,142,0.387,0.6,1.8,32.6,Fr,3.71706,123.97,92.4,98.7372,29.8235,4.89748,0.449452,1.2941,4.0,5.2941,1.5,0.9412,0.1765,15.5588,7.75132,0.6744,104.037,3.11598,182.98,4.21408,4.06388,0.150193,5.34693,34.39
29348,2017,malik monk,115.7,25.1,54.3,58.59,1.1,7.2,13.3,13.3,147,296,0.497,104,262,0.397,1.5,1.6,32.3,Fr,4.66659,129.887,98.0,94.1113,32.0526,6.14589,1.77952,0.3158,2.1842,2.5,2.2895,0.9474,0.5,19.8421,11.4944,0.6486,99.9136,3.86031,210.41,6.1421,5.18184,0.960259,7.92541,29.21
29828,2013,marcus smart,102.2,28.1,45.5,53.24,5.4,14.2,26.8,21.1,113,243,0.465,38,131,0.29,2.2,5.3,57.5,Fr,3.43154,115.31,98.2,81.0731,33.5152,4.31411,5.71881,1.5152,4.303,5.8182,4.2121,3.0,0.6667,15.3636,7.01097,0.5982,85.2491,5.1168,272.437,10.5777,4.4735,6.10424,10.0329,57.53
29846,2012,marcus thornton,83.3,27.4,42.3,46.81,1.6,8.9,12.0,20.9,78,204,0.382,36,108,0.333,0.5,0.8,35.3,Fr,0.475812,90.612,19.2,113.874,28.0323,-2.38077,-4.13172,0.3548,2.0323,2.3871,1.2903,0.3548,0.129,11.0,7.83037,0.4353,114.394,1.20853,110.232,-8.09814,-3.82232,-4.27582,-6.5125,33.81
29847,2011,marcus thornton,75.1,15.8,37.3,38.46,9.4,14.3,7.9,29.9,16,43,0.372,2,8,0.25,6.7,2.3,47.1,Fr,-0.425086,72.8884,76.0,90.4576,9.375,-3.64674,2.92157,0.7188,1.2188,1.9375,0.4062,0.3438,0.5938,1.5,1.64615,0.48,94.3445,1.15923,60.5156,1.32248,-3.43489,4.75737,-0.725175,33.81
30259,2016,marquese chriss,109.3,23.7,56.2,58.64,9.8,11.7,6.3,17.6,159,279,0.57,21,60,0.35,5.9,1.9,38.3,Fr,2.66194,119.28,88.6,96.5835,24.9118,2.60641,1.63427,2.5,2.8824,5.3824,0.7647,0.9412,1.6176,13.8235,3.61537,0.7034,100.93,2.74802,179.644,4.54953,2.03066,2.51887,4.24068,38.74
30457,2018,marvin bagley iii,123.8,25.8,64.0,64.35,13.8,21.4,8.8,14.7,247,382,0.647,23,58,0.397,2.6,1.4,47.5,Fr,6.01066,139.5,100.0,91.47,33.7576,8.30044,1.34425,4.0,7.0909,11.0909,1.5152,0.8182,0.8788,21.0303,2.93586,0.7311,96.4998,4.41523,234.046,8.66296,6.3114,2.35157,9.6447,31.82
30565,2010,mason plumlee,98.6,17.4,47.2,48.89,9.1,15.2,11.3,23.0,47,98,0.48,2,8,0.25,6.1,2.3,43.4,Fr,0.774768,101.505,94.8,82.4137,14.1471,-0.605796,4.98865,1.1471,1.9412,3.0882,0.8824,0.5294,0.8824,3.6765,0.998679,0.6667,88.0142,2.16444,104.635,7.30161,0.688791,6.61282,4.38286,36.05
30636,2016,matisse thybulle,101.5,13.5,49.2,52.16,4.5,8.7,10.8,21.7,37,86,0.43,34,93,0.366,3.5,2.4,27.4,Fr,0.676045,96.147,79.4,97.9551,24.1176,-0.0887294,2.54087,1.1176,2.0882,3.2059,1.5882,1.1471,0.9412,6.2059,5.79314,0.5294,102.364,2.5477,163.201,4.20554,1.03002,3.17552,2.45214,50.71
31081,2010,matthew dellavedova,118.5,18.6,51.1,56.86,3.5,7.4,20.6,17.3,47,123,0.382,73,183,0.399,0.0,2.0,36.9,Fr,3.96235,116.855,21.0,99.3256,36.8182,3.32367,0.732434,1.0303,2.5152,3.5455,4.4545,1.2121,0.0,12.3939,9.04171,0.5581,102.621,3.45928,183.011,5.35204,4.97928,0.372757,4.0561,34.33
31474,2011,meyers leonard,79.1,17.5,48.3,51.46,4.6,12.8,3.3,33.1,28,57,0.491,0,1,0.0,5.2,1.1,29.3,Fr,-0.165376,80.4576,94.2,91.1222,8.2424,-6.91448,2.55613,0.303,0.9394,1.2424,0.1515,0.1515,0.3939,2.0606,0.222768,0.6923,98.6762,1.0202,48.9904,-1.48959,-4.74511,3.25552,-4.35835,29.69
31579,2012,michael carter williams,112.5,18.6,49.1,50.78,3.9,11.7,34.3,19.5,18,40,0.45,7,18,0.389,2.9,4.6,39.7,Fr,0.999347,113.671,95.0,86.2626,10.3462,2.4281,4.43866,0.3462,1.1154,1.4615,2.0769,0.7692,0.2692,2.6923,4.083,0.5909,89.7959,1.43225,57.4751,7.0076,3.80363,3.20397,6.86676,45.4
31746,2012,michael kidd gilchrist,111.8,21.3,51.1,57.05,10.3,16.1,10.8,19.6,147,275,0.535,13,51,0.255,2.8,1.9,58.9,Fr,3.64184,119.42,99.6,86.5498,31.125,3.86278,2.87296,2.575,4.85,7.425,1.875,0.975,0.925,11.9,2.44492,0.6993,90.971,4.29842,242.953,8.18856,5.00434,3.18423,6.73574,47.81
31983,2016,mikal bridges,125.2,14.4,59.1,63.3,5.7,12.4,7.5,12.2,63,88,0.716,23,77,0.299,3.6,3.1,45.5,Fr,2.36518,121.561,84.0,86.6959,20.325,3.52478,5.00786,0.9,2.3,3.2,0.875,1.05,0.65,6.35,5.62484,0.8143,92.0014,2.97133,171.493,10.5968,5.19129,5.40555,8.53264,57.48
32205,2010,mike muscala,107.0,21.3,47.4,51.89,7.6,16.2,7.5,11.2,110,231,0.476,6,20,0.3,9.6,0.7,28.7,Fr,1.62216,104.861,9.2,102.388,24.8333,0.717015,0.865896,1.6333,3.3,4.9333,0.7667,0.3,2.1667,9.8667,1.6452,0.6279,99.414,2.0441,146.557,1.67157,-1.42871,3.10028,1.58291,37.58
32397,2017,miles bridges,106.6,25.5,56.3,58.01,5.7,23.0,14.5,16.9,121,220,0.55,56,144,0.389,4.9,1.2,25.3,Fr,3.70524,121.197,97.8,89.0446,31.9643,6.17448,3.32584,1.4643,6.8214,8.2857,2.0714,0.6786,1.5357,16.8929,9.40134,0.696,95.9681,4.42432,197.051,8.43413,3.64606,4.78807,9.50032,46.58
32719,2013,montrezl harrell,114.5,16.7,57.7,57.09,11.4,14.6,2.5,12.7,97,168,0.577,0,0,0.0,4.9,1.9,37.5,Fr,1.68891,115.759,84.0,83.4225,16.2,3.33385,2.49359,1.575,2.05,3.625,0.2,0.5,0.675,5.65,0.0,0.6935,88.1774,2.3513,123.603,5.70546,2.23038,3.47508,5.82745,55.19
32749,2016,moritz wagner,107.7,17.6,62.7,62.18,9.3,13.2,3.1,20.5,34,48,0.708,2,11,0.182,2.7,1.4,30.5,Fr,0.556937,106.47,76.4,98.4756,8.6897,-3.27977,0.947082,0.6552,0.931,1.5862,0.1379,0.2069,0.2069,2.8966,2.66075,0.7442,103.263,0.915181,44.1697,0.0580361,-0.6493,0.707336,-2.33269,33.26
32978,2015,myles turner,109.4,23.8,48.8,55.61,7.2,24.9,6.2,16.6,100,195,0.513,17,62,0.274,12.3,0.8,43.6,Fr,2.57861,121.208,99.0,81.3327,22.2059,3.08008,5.45255,1.2941,5.2353,6.5294,0.5882,0.2941,2.6176,10.1471,5.20698,0.7407,85.3599,3.51116,185.417,7.38281,0.519533,6.86328,8.53262,41.62
33083,2019,nassir little,107.8,24.0,50.5,55.07,9.2,16.9,6.1,16.1,117,221,0.529,14,52,0.269,3.3,1.5,36.6,Fr,2.06833,120.333,99.6,90.2613,18.1944,2.44311,1.69912,1.5833,3.0278,4.6111,0.6389,0.5278,0.5278,9.8056,4.18961,0.6825,96.0253,2.46613,144.019,3.87487,1.85473,2.02014,4.14224,43.28
33448,2013,nerlens noel,109.0,18.2,59.0,58.26,10.4,22.3,9.5,19.1,98,166,0.59,0,0,0.0,13.2,3.9,62.7,Fr,2.61518,109.012,100.0,78.8597,31.875,3.95391,7.13561,2.7083,6.75,9.4583,1.5833,2.0833,4.4167,10.4583,0.0,0.7677,81.3956,5.17641,227.307,12.8608,2.47414,10.3866,11.0895,42.0
33815,2018,nickeil alexander walker,105.3,21.0,55.4,57.53,3.6,14.0,10.6,16.8,66,128,0.516,58,148,0.392,2.5,1.9,22.8,Fr,1.94488,110.068,92.2,97.6823,25.4545,2.70234,1.4768,0.697,3.1515,3.8485,1.4848,0.8485,0.5455,10.6667,10.0315,0.5922,101.74,2.77424,163.539,4.39723,2.10999,2.28724,4.17913,26.32
33920,2013,nik stauskas,121.9,16.4,59.6,63.05,2.1,9.6,7.8,14.3,58,116,0.5,79,180,0.439,0.8,1.2,28.0,Fr,3.955,122.565,78.2,95.9965,30.8421,5.31687,1.00394,0.5263,2.5263,3.0526,1.3684,0.5789,0.2368,11.1316,9.60529,0.6667,102.225,3.16947,171.721,6.76203,5.67386,1.08817,6.32081,21.33
34102,2014,noah vonleh,109.1,21.5,56.0,60.43,10.8,27.3,4.9,21.8,97,183,0.53,16,33,0.485,5.4,1.9,62.0,Fr,2.41123,114.674,98.0,86.69,26.4667,2.72525,3.33363,2.3667,6.6,8.9667,0.6,0.8667,1.3667,11.2667,2.41028,0.5984,90.6372,3.93211,195.609,5.27582,0.682888,4.59293,6.05888,34.15
34173,2012,norman powell,96.8,15.7,45.6,46.58,1.9,13.7,12.2,15.9,32,79,0.405,24,70,0.343,1.8,1.6,9.4,Fr,0.50024,93.8512,89.6,97.1725,17.6875,-0.34388,0.895745,0.2812,2.0,2.2812,1.1562,0.4688,0.2812,4.5312,7.5926,0.5135,99.0608,1.7907,92.0277,0.806276,-0.142067,0.948342,0.551865,33.45
34282,2016,og anunoby,114.2,17.6,62.5,60.68,11.4,11.7,6.6,19.7,53,87,0.609,13,29,0.448,5.6,3.4,36.2,Fr,1.21616,113.586,41.4,92.4393,13.7059,3.36225,3.60479,1.2353,1.4118,2.6471,0.5294,0.7941,0.7647,4.8529,3.59206,0.6622,96.7728,1.73042,101.575,7.95513,3.58777,4.36735,6.96704,51.4
34727,2012,pat connaughton,110.0,15.6,52.5,54.67,4.9,16.7,7.9,12.2,44,81,0.543,41,120,0.342,0.6,1.3,18.4,Fr,1.76785,107.136,80.8,94.7319,24.1176,2.39116,1.08071,0.9706,3.4412,4.4118,0.8824,0.5,0.1471,7.0294,9.48861,0.6852,98.7538,2.6076,137.119,2.91048,1.97325,0.937229,3.47187,42.13
34821,2015,patrick mccaw,103.4,19.3,51.8,53.79,2.9,8.6,17.5,17.3,47,105,0.448,57,151,0.377,1.1,2.9,20.3,Fr,1.89573,106.046,60.6,98.9902,29.5938,2.25394,1.04529,0.7188,2.5312,3.25,2.6875,1.5,0.3125,9.5938,10.132,0.5614,100.476,2.88467,152.758,3.5434,3.07866,0.464734,3.29923,23.07
35086,2011,perry jones iii,108.7,21.3,54.7,57.68,9.6,15.9,7.5,19.0,155,279,0.556,2,10,0.2,3.0,0.9,43.9,Fr,3.25933,114.12,98.8,95.7841,33.8621,2.41683,0.507393,2.5862,4.5862,7.1724,1.1379,0.5172,0.8966,13.8966,0.602041,0.8505,97.7252,3.64363,172.136,2.50737,1.54514,0.962232,2.92422,21.52
35395,2018,pj washington,105.5,21.3,52.7,55.76,7.9,14.8,10.4,18.8,129,238,0.542,5,21,0.238,3.5,1.6,80.3,Fr,2.43499,113.541,97.2,93.9672,27.3514,2.00191,2.5152,1.8108,3.8919,5.7027,1.5405,0.7568,0.8378,10.7838,1.1812,0.66,100.072,3.35611,196.468,5.42862,2.25743,3.1712,4.51712,42.24
35645,2012,quinn cook,117.9,20.9,46.6,52.41,1.8,8.0,31.5,13.0,33,60,0.55,14,56,0.25,0.5,2.1,42.2,Fr,1.60556,125.454,93.6,96.6754,11.7273,4.00236,0.826062,0.1818,0.8485,1.0303,1.9091,0.4242,0.0606,4.4242,8.43636,0.72,102.237,1.19843,62.1373,3.89808,4.93281,-1.03473,4.82843,14.57
36165,2011,ray mccallum,109.1,23.1,48.0,53.75,4.9,10.6,29.4,19.0,109,227,0.48,25,78,0.321,0.5,2.7,64.9,Fr,3.25766,114.857,95.0,102.413,33.3438,3.5975,0.140181,1.3438,3.3438,4.6875,4.9375,1.5938,0.1562,13.4062,4.12776,0.5617,103.062,2.79266,193.742,3.83692,4.24921,-0.412292,3.73768,26.46
36319,2011,reggie bullock,103.4,20.2,45.3,46.13,5.9,13.6,7.5,9.0,33,71,0.465,29,98,0.296,0.7,2.5,13.6,Fr,1.09602,108.017,97.2,88.1859,14.5185,2.75804,2.64626,0.8148,2.0,2.8148,0.5926,0.6667,0.1111,6.1481,13.6379,0.4545,93.9454,1.95175,82.9402,5.59167,3.68159,1.91008,5.40431,36.92
36791,2019,rj barrett,108.0,31.3,50.6,53.19,4.8,17.2,23.5,15.9,246,465,0.529,73,237,0.308,1.2,1.4,31.9,Fr,5.37716,131.547,100.0,89.0179,35.2632,5.86672,1.30984,1.5526,6.0263,7.5789,4.3158,0.8947,0.4211,22.6316,9.60522,0.6412,95.1227,4.9322,254.326,5.93047,4.58557,1.3449,7.17656,32.54
37231,2012,rodney hood,113.2,16.1,52.4,53.51,3.5,13.3,11.9,10.8,80,158,0.506,47,129,0.364,1.3,0.8,14.3,Fr,2.68116,109.801,94.4,101.833,32.8125,2.77567,0.120008,0.9688,3.8125,4.7812,2.0,0.4062,0.4375,10.25,7.46548,0.6667,104.614,2.72746,158.152,3.52772,3.30626,0.221459,2.89568,29.99
37245,2010,rodney mcgruder,126.0,13.6,59.1,61.03,9.8,15.0,7.8,15.1,28,50,0.56,18,43,0.419,2.6,1.4,26.9,Fr,1.46629,120.59,79.0,90.7629,12.303,6.1391,2.05841,1.1212,1.6364,2.7576,0.5152,0.303,0.303,3.8788,5.85739,0.7391,97.5746,1.5031,76.2644,7.40763,4.87837,2.52927,8.19751,23.78
37445,2014,rondae hollis jefferson,113.1,20.4,49.4,54.44,10.4,15.7,11.0,13.9,119,237,0.502,2,10,0.2,4.3,1.8,61.1,Fr,2.69047,119.404,97.2,84.1936,25.2632,2.86751,4.57465,2.1842,3.4737,5.6579,1.4474,0.7368,1.0526,9.1316,0.646312,0.697,88.6868,3.936,189.697,8.51251,2.76207,5.75044,7.44216,43.95
37675,2012,ryan anderson,96.8,22.8,47.2,50.84,6.7,23.4,8.8,14.1,102,205,0.498,23,84,0.274,2.0,0.9,38.1,Fr,1.84163,103.683,73.4,98.9646,29.871,1.45391,-0.432615,1.5806,5.8065,7.3871,0.9677,0.4516,0.5484,11.1935,5.62042,0.6633,101.819,2.80449,176.825,-0.171271,-0.493809,0.322538,1.02129,46.01
37813,2010,ryan kelly,98.0,12.1,41.1,42.84,3.1,16.1,10.1,18.1,11,26,0.423,5,19,0.263,6.2,2.2,13.3,Fr,0.132902,91.8161,97.0,83.4775,6.2857,-1.75907,5.14982,0.1714,0.9143,1.0857,0.3714,0.2286,0.4,1.1714,5.17341,0.75,87.6362,0.938486,48.5111,6.45355,-0.020259,6.4738,3.39075,24.76
38115,2013,sam dekker,116.7,21.8,57.9,59.67,6.3,11.4,14.1,14.2,68,119,0.571,50,128,0.391,1.8,1.9,28.7,Fr,3.06724,125.475,97.8,85.5384,22.2857,6.8034,3.61965,1.2286,2.1429,3.3714,1.3429,0.6571,0.4,9.5714,10.6914,0.7105,91.5261,3.07755,128.848,8.34152,5.05216,3.28936,10.423,23.15
38814,2013,shabazz muhammad,107.1,28.2,48.7,52.82,9.9,8.5,5.8,10.5,162,350,0.463,40,106,0.377,0.4,1.3,39.5,Fr,4.18108,124.768,99.8,98.5396,30.8438,5.4274,-1.6276,2.7188,2.5,5.2188,0.8438,0.7188,0.125,17.875,6.16621,0.6371,103.412,2.8948,147.485,1.84634,3.93685,-2.09052,3.7998,27.18
38818,2011,shabazz napier,103.0,20.9,45.6,50.7,3.0,7.8,24.1,22.6,54,129,0.419,46,141,0.326,0.5,4.2,35.6,Fr,1.93403,110.104,83.8,90.6274,23.8049,2.0609,3.37477,0.6341,1.7805,2.4146,3.0244,1.6098,0.122,7.8049,8.89296,0.5,97.1752,2.94459,180.847,5.99911,3.60676,2.39235,5.43567,43.45
38828,2018,shai gilgeous alexander,114.1,22.8,51.6,57.87,3.2,10.0,28.8,19.8,160,320,0.5,23,57,0.404,1.7,2.8,46.2,Fr,4.34397,125.039,94.0,94.6415,33.7297,5.06269,3.04908,0.8919,3.2432,4.1351,5.1081,1.6486,0.4865,14.3784,2.59924,0.5934,100.791,4.06009,235.269,7.76378,4.95128,2.8125,8.11177,46.31
38833,2016,shake milton,119.0,15.0,58.6,60.29,1.1,8.9,14.0,18.8,61,115,0.53,52,122,0.426,1.0,1.5,21.5,Fr,2.97578,114.173,82.2,99.2578,32.6667,2.37572,1.33646,0.3,2.6667,2.9667,2.7333,0.8,0.2667,10.5,7.49165,0.7115,100.473,3.36656,151.802,3.66102,3.04846,0.612566,3.71218,29.83
38904,2012,shane larkin,98.5,19.4,43.8,50.37,2.6,8.8,19.2,23.2,41,104,0.394,32,99,0.323,0.3,3.7,34.5,Fr,1.41794,102.021,76.8,94.9353,25.625,0.211972,2.446,0.5625,1.9375,2.5,2.5312,1.5625,0.0625,7.4375,7.42518,0.5192,98.5844,2.72926,150.22,3.31989,1.61608,1.70381,2.65798,32.43
39435,2016,skal labissiere,105.5,20.9,51.6,54.0,7.3,14.6,3.6,16.3,98,188,0.521,0,2,0.0,10.3,0.9,32.6,Fr,1.32904,112.492,99.8,91.4025,15.75,-1.36423,3.46701,0.9722,2.1667,3.1389,0.3056,0.25,1.6389,6.5833,0.206139,0.6607,95.6059,2.03132,118.717,5.09141,0.0929794,4.99843,2.10278,33.27
39477,2010,solomon hill,97.2,17.5,50.3,55.04,7.6,12.8,13.5,26.8,70,133,0.526,4,18,0.222,0.5,1.4,51.7,Fr,1.07081,98.2041,91.8,98.5153,25.3226,-0.462597,0.618565,1.5484,2.8387,4.3871,1.6774,0.6129,0.129,6.6774,1.34001,0.6714,104.206,2.40132,131.538,1.75843,0.491045,1.26738,0.155969,34.07
39520,2012,spencer dinwiddie,110.6,19.1,49.6,57.39,2.9,11.5,12.5,15.9,52,138,0.377,42,94,0.447,1.1,1.7,59.1,Fr,2.58132,112.621,73.8,95.9274,27.7353,2.34027,1.7551,0.6471,2.8529,3.5,1.6176,0.7647,0.2647,10.0294,6.06102,0.4848,99.0864,2.91706,159.66,4.20266,2.53048,1.67218,4.09537,48.81
39614,2015,stanley johnson,108.0,26.0,50.1,55.1,8.9,19.1,11.6,17.4,131,274,0.478,43,116,0.371,1.6,3.2,45.6,Fr,3.25537,120.461,99.6,82.5525,28.4474,4.5269,3.85374,1.9737,4.5263,6.5,1.6579,1.5,0.3947,13.7632,6.39449,0.5378,86.6693,4.41275,234.531,8.8059,4.11077,4.69513,8.38064,28.74
39822,2014,sterling brown,100.5,14.4,53.5,54.41,8.1,14.4,10.1,25.0,43,81,0.531,17,47,0.362,1.9,2.3,32.8,Fr,0.507345,95.8334,78.4,92.4842,19.4324,0.580972,2.68652,1.2162,2.5405,3.7568,1.0811,0.7297,0.2973,4.3514,3.93219,0.6,94.41,2.50837,135.892,4.11965,0.857067,3.26258,3.2675,28.37
39930,2013,steven adams,109.7,18.0,57.1,55.46,15.3,19.1,5.4,16.9,100,175,0.571,0,0,0.0,11.2,1.9,40.0,Fr,1.99486,109.998,99.2,83.1502,23.4062,3.36616,3.72734,2.8125,3.5312,6.3438,0.625,0.6562,2.0312,7.2188,0.0,0.6589,86.5013,3.44551,158.07,9.76937,2.06394,7.70544,7.0935,48.08
40349,2011,tarik black,106.0,20.9,52.8,54.67,14.4,11.3,3.2,16.3,122,231,0.528,0,0,0.0,7.3,2.0,54.5,Fr,1.75354,108.833,87.8,95.2126,22.6286,0.289426,1.23929,2.7429,2.2857,5.0286,0.3429,0.7714,1.6,9.0857,0.0,0.6325,97.7187,2.46385,150.266,2.89374,0.274618,2.61912,1.52872,27.38
40661,2016,terence davis,95.1,16.1,48.3,46.12,4.8,10.0,8.8,13.4,10,19,0.526,3,11,0.273,1.7,3.0,63.3,Fr,0.155386,94.4083,66.0,98.9654,6.9474,-2.61878,1.60356,0.3158,0.6316,0.9474,0.3158,0.3684,0.1053,1.8947,4.76564,0.625,101.163,0.718305,25.8565,0.456218,-0.396528,0.852746,-1.01523,50.1
40807,2011,terrence jones,105.6,27.8,47.0,51.17,9.0,22.1,10.3,13.6,180,387,0.465,26,79,0.329,6.0,2.2,52.1,Fr,3.85608,121.685,98.4,84.1061,31.4737,3.90817,3.21055,2.4211,6.4211,8.8421,1.5789,1.1316,1.8947,15.6579,3.98144,0.6645,89.1825,4.6613,280.458,6.84804,2.62034,4.2277,7.11872,26.18
40818,2011,terrence ross,117.9,19.4,53.9,55.56,5.3,12.3,9.6,11.6,58,105,0.552,44,125,0.352,2.0,1.8,14.3,Fr,2.15818,122.184,93.8,93.7937,17.4412,4.15216,1.47316,0.8529,1.9706,2.8235,0.9706,0.5588,0.3529,8.0294,11.686,0.7333,98.3958,1.99062,110.908,5.56967,4.62625,0.943416,5.62533,38.78
40879,2014,terry rozier,116.0,18.5,47.8,50.45,4.4,13.7,16.6,9.7,57,135,0.422,36,97,0.371,0.3,3.2,22.4,Fr,1.87007,116.836,94.2,86.7702,18.8919,2.63681,3.84259,0.7568,2.3243,3.0811,1.8108,1.027,0.0541,7.0,7.93298,0.5286,88.9598,2.81317,139.093,6.555,3.29361,3.26139,6.4794,45.81
41078,2010,thomas robinson,88.1,24.8,48.5,46.93,17.2,23.0,6.7,25.3,33,68,0.485,0,0,0.0,7.7,1.7,63.2,Fr,0.271294,96.7849,94.6,80.6622,7.1212,-4.04083,1.5962,1.0303,1.6364,2.6667,0.2727,0.2121,0.5455,2.5152,0.0,0.6,85.828,1.12428,58.7087,1.9088,-2.19677,4.10557,-2.44464,28.15
41168,2010,tim frazier,89.4,22.0,42.0,47.41,2.4,13.2,26.6,26.4,42,108,0.389,9,24,0.375,0.4,2.6,48.5,Fr,0.597381,95.1235,66.2,97.3539,18.3871,-3.58086,0.859524,0.3548,1.9677,2.3226,2.3548,0.7419,0.0645,4.9677,2.68245,0.4655,101.749,1.85245,101.457,-1.13262,-1.94254,0.809915,-2.72133,31.81
41175,2011,tim hardaway jr,109.8,24.3,52.4,56.04,3.0,11.7,12.6,11.1,80,167,0.479,76,203,0.374,0.6,2.1,31.6,Fr,3.75257,121.503,68.0,92.5654,30.9118,5.17239,2.06455,0.7353,2.9706,3.7059,1.7353,1.0,0.1471,14.0294,12.4826,0.7213,100.338,3.65885,175.922,6.20685,4.84499,1.36186,7.23695,40.04
41377,2011,tj mcconnell,114.5,17.6,56.0,57.57,2.7,11.3,26.6,18.2,91,166,0.548,36,93,0.387,0.5,5.1,23.2,Fr,2.64628,111.342,30.6,89.1415,30.7742,2.51592,4.55156,0.7419,3.0968,3.8387,4.3226,2.8065,0.129,10.6774,5.43696,0.6154,90.5968,3.98676,222.705,6.27522,3.36094,2.91428,7.06748,44.05
41416,2013,tj warren,125.4,18.5,64.5,63.78,9.6,8.1,5.9,11.2,172,272,0.632,14,27,0.519,1.5,2.6,24.1,Fr,3.95168,127.619,95.6,98.7874,26.9714,5.80996,1.28453,2.1143,2.0571,4.1714,0.8,1.2,0.4286,12.1429,1.65045,0.7535,103.595,2.52882,160.227,6.78402,6.21468,0.569337,7.09449,41.94
41441,2011,tobias harris,109.5,25.9,48.9,53.96,7.5,20.6,10.4,14.3,162,326,0.497,23,76,0.303,3.4,1.4,42.3,Fr,3.69915,123.031,99.0,91.867,29.2059,5.33543,1.37966,1.9706,5.2941,7.2647,1.2941,0.7059,0.8529,15.3235,4.52936,0.6643,97.8243,3.5272,197.759,4.80112,2.71068,2.09044,6.7151,45.67
41623,2017,tony bradley,123.3,21.4,56.4,58.21,18.2,19.0,7.4,11.5,97,172,0.564,0,0,0.0,4.6,1.0,57.6,Fr,2.2608,132.834,95.2,89.8191,14.6053,5.13508,1.73424,2.5789,2.5526,5.1316,0.6053,0.2632,0.5789,7.0789,0.0,0.75,96.9021,1.96324,112.527,8.31686,5.25593,3.06093,6.86932,41.14
41688,2013,tony parker,96.7,19.7,54.1,52.49,6.5,13.8,0.9,14.1,33,61,0.541,0,0,0.0,4.1,0.6,52.5,Fr,0.339754,101.091,95.4,95.4459,6.2727,-5.32275,0.145565,0.3636,0.8182,1.1818,0.0303,0.0606,0.2727,2.4242,0.0,0.5909,99.5436,0.653063,37.3391,-3.45789,-2.47459,-0.983296,-5.17719,30.6
41700,2011,tony snell,101.2,14.5,48.0,51.34,3.4,9.5,9.4,19.9,18,44,0.409,29,84,0.345,1.2,0.5,26.6,Fr,0.567422,95.7064,19.6,100.077,17.5758,0.8701,0.0689719,0.4848,1.4545,1.9394,0.8788,0.1515,0.1818,4.4848,8.65807,0.44,103.268,1.61306,83.3956,0.930171,0.699809,0.230362,0.939072,27.28
41723,2012,tony wroten,95.7,32.1,45.3,48.83,8.0,9.8,24.5,21.8,189,391,0.483,9,56,0.161,1.2,3.5,59.1,Fr,2.76456,112.145,96.4,93.6772,30.3429,2.30166,1.69946,2.2857,2.7429,5.0286,3.7143,1.8857,0.3714,15.9714,2.97052,0.5776,97.047,3.41557,215.125,4.17926,1.85641,2.32285,4.00112,19.9
41854,2018,trae young,112.1,38.4,51.9,58.62,1.3,9.9,48.3,20.0,143,290,0.493,118,327,0.361,0.7,2.5,44.4,Fr,7.00052,145.446,95.6,100.301,35.4062,9.41387,0.738749,0.4375,3.4688,3.9062,8.6562,1.6875,0.25,27.375,15.0708,0.5224,106.864,3.53946,216.691,9.94112,9.5331,0.408018,10.1526,55.94
42297,2012,treveon graham,102.6,24.1,45.6,50.4,9.5,13.3,7.3,14.3,49,110,0.445,26,83,0.313,1.7,2.7,62.2,Fr,1.40079,109.929,21.2,92.3947,16.7778,1.74374,0.693259,1.4444,1.7778,3.2222,0.5556,0.75,0.25,7.0,8.38967,0.527,92.0593,1.96313,109.448,2.40636,1.77673,0.629627,2.437,21.31
42447,2012,trey burke,106.6,26.9,50.9,54.41,2.3,9.8,29.1,18.8,119,242,0.492,57,160,0.356,1.3,1.6,30.6,Fr,4.45924,121.176,81.6,96.2862,36.6364,5.00522,1.0191,0.6364,2.8182,3.4545,4.7273,0.9091,0.3939,15.1818,8.69076,0.6809,102.512,3.77885,185.96,5.39436,4.24728,1.14708,6.02433,34.17
42527,2015,trey lyles,112.6,20.6,49.6,54.26,9.9,16.1,9.2,15.0,113,211,0.536,4,29,0.138,2.1,1.4,42.5,Fr,2.47689,118.732,97.8,80.7753,23.0,3.61558,3.10483,1.8056,3.4167,5.2222,1.0556,0.5278,0.4444,8.6944,2.18574,0.7841,85.2659,3.68296,154.613,7.23508,3.72842,3.50666,6.72041,30.85
42672,2011,tristan thompson,107.4,23.1,54.6,53.65,13.9,13.6,8.0,14.5,172,315,0.546,0,0,0.0,7.2,1.8,82.9,Fr,3.18197,116.101,97.8,84.3695,30.9444,4.0139,3.79762,3.8333,4.0,7.8333,1.25,0.9444,2.3889,13.0833,0.0,0.7239,88.6309,4.53819,237.951,9.71642,3.73655,5.97987,7.81152,36.83
42713,2010,troy daniels,122.7,14.8,52.0,54.0,2.2,9.2,6.8,5.1,3,8,0.375,15,41,0.366,1.2,0.7,12.2,Fr,0.611269,115.036,60.4,103.254,6.0385,1.83025,-1.1778,0.1154,0.5,0.6154,0.2308,0.0769,0.0769,2.1538,15.3637,1.0,102.941,0.484853,21.583,1.10928,3.26198,-2.1527,0.652448,27.51
43005,2014,tyler ennis,114.5,22.7,45.3,51.07,2.6,9.0,32.5,13.8,118,275,0.429,30,85,0.353,0.7,3.9,41.4,Fr,4.27438,123.033,95.6,92.6229,35.7353,4.48187,3.5142,0.7941,2.5882,3.3824,5.5294,2.1176,0.1765,12.9412,4.5863,0.5528,97.6955,4.56203,202.885,6.86227,4.85439,2.00787,7.99607,34.56
43048,2019,tyler herro,118.2,20.0,53.6,58.03,1.6,14.0,15.2,14.8,126,234,0.538,60,169,0.355,1.1,2.0,23.1,Fr,4.19748,124.79,92.8,90.7113,32.6216,4.61711,3.45699,0.4054,4.0811,4.4865,2.4865,1.1081,0.3243,14.027,8.34073,0.6667,96.8156,4.35662,222.631,7.81611,4.78189,3.03422,8.0741,40.94
43070,2011,tyler johnson,91.4,19.2,44.5,46.9,8.3,11.2,23.9,26.5,43,82,0.524,4,28,0.143,2.0,3.9,44.5,Fr,0.295492,91.3415,29.4,98.8585,16.8333,-0.674299,1.50338,1.2667,1.6,2.8667,2.0,1.1,0.3,4.1667,3.24643,0.6304,99.0642,1.63273,98.5488,0.960649,-0.699336,1.65998,0.82908,34.92
43559,2015,tyus jones,121.8,19.9,48.9,57.49,1.8,9.9,27.5,17.4,88,200,0.44,47,124,0.379,0.2,2.7,50.0,Fr,4.78888,128.348,98.6,91.4497,33.8974,5.61301,2.78366,0.4872,3.0256,3.5128,5.5641,1.5128,0.0769,11.8205,5.64527,0.5862,98.3377,4.202,223.713,8.58766,6.36463,2.22302,8.39666,40.68
43737,2011,victor oladipo,107.3,23.0,57.1,58.6,10.9,14.8,10.5,20.3,80,135,0.593,8,26,0.308,1.5,3.6,52.8,Fr,1.80293,115.24,73.0,93.8384,18.0,3.56299,1.811,1.5938,2.125,3.7188,0.875,1.0625,0.2188,7.375,2.75542,0.6293,100.079,2.05868,115.471,5.27156,3.12632,2.14524,5.37399,51.27
44013,2018,wendell carter jr,121.5,23.4,59.1,62.81,12.8,23.1,13.0,18.2,160,273,0.586,19,46,0.413,7.6,1.7,52.7,Fr,4.21939,133.412,98.8,87.1812,26.8378,5.9064,4.45957,2.9459,6.1081,9.0541,2.0,0.8108,2.0541,13.5405,2.61512,0.6857,92.0353,3.90976,243.593,11.6474,5.02887,6.6185,10.366,36.72
44151,2011,will barton,98.8,23.1,47.8,50.18,5.4,12.9,19.5,20.6,128,243,0.527,39,147,0.265,1.6,2.9,21.3,Fr,1.86938,104.072,97.6,95.1807,30.5714,1.41282,1.42018,1.4,3.5429,4.9429,2.8286,1.5429,0.4857,12.3143,7.86742,0.6286,97.6859,3.33204,203.291,3.21681,1.36481,1.85201,2.833,36.78
44391,2013,willie cauley stein,103.5,19.9,62.1,57.66,12.0,17.2,8.0,20.8,105,169,0.621,0,0,0.0,8.4,2.1,50.9,Fr,1.75236,106.872,91.6,87.4122,23.5517,2.19092,3.18567,2.3103,3.8621,6.1724,0.931,0.8276,2.069,8.3448,0.0,0.8119,90.3763,3.11882,155.769,6.29739,1.47138,4.82601,5.37659,38.29
44840,2017,zach collins,120.6,24.8,67.6,70.32,12.2,23.2,4.4,20.2,125,186,0.672,10,21,0.476,9.8,1.5,71.5,Fr,2.57928,130.93,94.2,77.1749,17.2308,4.31375,5.66437,1.6923,4.2051,5.8974,0.4103,0.4615,1.7692,10.0,1.74739,0.748,79.0742,3.09468,185.367,9.54386,2.60042,6.94344,9.97812,22.92
44945,2014,zach lavine,107.3,19.0,52.4,54.48,2.4,9.5,12.6,13.9,79,160,0.494,48,128,0.375,0.8,2.1,23.6,Fr,1.84098,110.171,90.0,98.8807,24.4324,1.46349,0.535932,0.4865,2.0541,2.5405,1.7838,0.8919,0.1622,9.4324,8.06163,0.5667,103.564,2.59395,148.504,2.74348,2.46177,0.281707,1.99942,38.83
