,year,player_name,Ortg,eFG,TS_per,ORB_per,DRB_per,AST_per,FT_per,twoPM,twoP_per,TPM,blk_per,stl_per,ftr,yr,porpag,adjoe,pfr,Rec Rank,adrtg,mp,ogbpm,dgbpm,pts,unk,season,ast/tov,midmade/(midmade+midmiss),drtg,dporpag,stops,bpm,obpm,dbpm,gbpm,rating
137,2014,aaron gordon,105.5,51.6,50.27,10.4,19.3,13.0,0.422,173,0.513,16,3.4,1.8,47.1,Fr,2.86228,115.064,3.0,99.6,83.3035,31.2368,3.32065,3.85299,12.3684,2.35011,4,1.36361758,0.2571,87.7492,4.96193,242.823,8.3179,2.89022,5.42768,7.17364,42.77
160,2016,aaron holiday,94.5,46.2,50.03,2.0,7.8,21.1,0.727,75,0.383,39,0.8,2.5,30.4,Fr,1.23495,99.2945,4.1,89.4,100.412,31.6562,-0.725836,1.40555,10.3438,5.10103,4,1.3804522,0.328,106.87,3.09933,181.366,1.72579,0.364815,1.36097,0.679715,32.62
299,2012,abdel nader,78.5,38.1,41.91,4.0,17.4,12.6,0.682,74,0.346,34,4.1,1.7,26.8,Fr,0.11054,87.0027,4.4,51.6,106.773,24.4667,-3.45139,-1.56146,10.3333,9.83555,4,0.34883316,0.2857,105.971,1.66197,132.658,-5.40257,-4.89876,-0.503803,-5.01285,24.46
1024,2010,alec burks,117.0,56.7,62.49,8.5,11.9,13.5,0.786,144,0.576,19,1.5,2.2,59.9,Fr,5.0314,133.419,3.5,61.4,103.123,30.5357,6.88621,-0.745175,17.4286,3.62556,4,0.875,0.4556,107.773,2.46647,144.886,5.76966,6.04383,-0.274169,6.14104,37.54
1127,2013,alex caruso,87.7,41.3,45.13,3.9,12.4,27.9,0.6,49,0.419,13,2.3,4.9,45.2,Fr,0.504046,91.2602,4.6,83.2,90.3475,24.697,-1.46725,4.4019,5.5152,3.88495,4,1.49333384,0.2,92.3065,2.97941,174.148,4.36197,-0.0689906,4.43096,2.93465,60.17
1459,2011,allen crabbe,112.6,54.5,58.2,2.4,15.9,12.2,0.804,77,0.49,62,1.5,1.6,29.5,Fr,3.26936,114.666,1.8,87.0,97.003,33.8387,4.55669,1.3861,13.3548,8.58841,4,1.3260328,0.3983,103.271,3.44425,193.591,5.91986,4.14199,1.77788,5.94279,28.9
1803,2012,andre drummond,100.7,53.8,50.93,14.2,15.5,3.4,0.295,157,0.541,0,9.9,1.8,30.1,Fr,2.01686,106.362,3.1,83.4,90.5331,28.4412,1.78075,2.5491,10.0,0.127848,4,0.28847914,0.2571,95.5401,3.4961,200.006,5.56709,0.789686,4.7774,4.32984,47.66
1870,2011,andre roberson,117.2,60.5,60.21,15.3,25.1,7.1,0.56,83,0.624,12,5.0,3.4,44.9,Fr,2.15498,114.568,5.4,69.6,92.0069,22.1622,3.07891,1.90349,6.5946,2.40767,4,0.74999997,0.2381,95.2651,2.65851,211.866,8.41442,4.37194,4.04248,4.9824,55.03
2115,2014,andrew wiggins,112.3,49.9,56.34,8.4,12.3,9.2,0.775,146,0.493,43,3.1,2.1,53.8,Fr,4.24085,125.836,3.3,100.0,94.4649,32.8,5.14855,1.8287,17.0571,6.31169,4,0.67502293,0.3354,101.712,3.98001,206.932,7.14569,4.66538,2.48031,6.97725,42.88
2241,2013,anthony bennett,112.8,57.5,60.36,9.9,21.3,8.2,0.696,156,0.576,36,4.3,1.5,46.0,Fr,3.70621,124.606,3.4,99.0,85.8106,27.2353,5.93445,2.25506,15.7941,5.8596,4,0.49209348,0.4341,89.4038,3.77519,202.924,6.61092,3.58896,3.02196,8.18951,6.64
2295,2012,anthony davis,133.8,62.8,65.41,11.6,23.9,7.5,0.709,207,0.653,3,13.7,2.5,60.2,Fr,5.9035,138.825,2.4,100.0,75.7599,32.025,9.09614,7.56117,14.175,0.931259,4,1.21951222,0.3846,79.63,5.62176,360.572,17.668,7.54963,10.1184,16.6573,71.67
2813,2013,archie goodwin,96.9,46.4,50.91,5.6,10.4,16.8,0.637,140,0.478,17,1.4,2.1,59.4,Fr,2.61308,109.137,3.7,97.2,94.5801,31.7576,0.684581,0.273842,14.1212,3.60856,4,0.8712997,0.2931,97.7351,3.42587,179.703,0.778603,0.781192,-0.00258988,0.958423,17.86
3275,2012,austin rivers,104.8,50.5,53.84,2.2,9.2,13.0,0.658,116,0.477,58,0.1,1.7,45.8,Fr,3.41399,115.548,2.7,99.8,97.2284,33.2059,2.7958,0.279199,15.5,8.19759,4,0.89873044,0.3333,102.8,3.33088,176.149,2.9406,2.9932,-0.0526018,3.075,28.16
3365,2010,avery bradley,105.2,48.9,49.58,3.5,6.6,12.4,0.545,117,0.457,42,1.6,2.4,17.9,Fr,2.32709,108.707,3.2,99.4,92.5408,29.5,1.96455,2.09962,11.6471,6.00258,4,1.36537211,0.4192,97.7023,3.43879,176.727,5.12429,3.17971,1.94458,4.06416,34.33
3691,2013,ben mclemore,118.7,58.6,63.26,5.0,12.3,12.6,0.87,125,0.553,73,2.2,1.8,34.5,Fr,4.47541,125.989,2.3,92.4,87.3941,32.1892,6.59953,2.901,15.9189,8.57278,4,0.94805635,0.35,92.3885,4.22994,216.163,8.47939,5.6772,2.80219,9.50053,24.68
3731,2016,ben simmons,112.9,56.1,59.95,9.6,26.8,27.4,0.67,215,0.561,1,2.5,3.1,76.9,Fr,4.96514,129.255,3.2,100.0,93.3664,34.8788,6.65406,3.18062,19.1515,0.141684,4,1.4234451,0.3416,97.3738,4.27519,290.86,10.2899,5.24639,5.04354,9.83468,62.54
4125,2014,bobby portis,116.1,52.4,56.18,10.2,16.8,11.0,0.737,152,0.537,9,5.9,2.1,37.3,Fr,3.11085,122.001,2.6,96.8,91.4703,27.0,4.49478,2.50127,12.2941,1.98612,4,1.21950416,0.3648,94.564,3.5283,203.379,7.05452,2.68809,4.36643,6.99605,35.43
4258,2012,bradley beal,112.3,52.5,57.45,4.8,18.1,12.7,0.769,112,0.541,63,2.6,2.5,44.0,Fr,4.31343,122.37,2.4,99.4,92.1814,34.2432,5.27745,2.28623,14.7568,8.98698,4,1.05063003,0.3286,95.4954,4.01915,257.355,8.02626,5.01541,3.01084,7.56367,52.75
4529,2016,brandon ingram,112.1,52.5,55.25,6.1,15.4,11.3,0.682,134,0.464,80,3.6,1.9,35.1,Fr,4.30177,123.987,2.4,99.6,95.9335,34.6111,5.53645,1.26317,17.3333,9.11171,4,0.98610002,0.3779,103.403,3.93885,237.974,6.30806,4.07465,2.23341,6.79962,39.99
4558,2011,brandon knight,107.8,50.8,55.28,2.2,10.2,23.4,0.795,130,0.461,87,0.6,1.1,33.3,Fr,4.52621,122.747,2.4,99.2,94.5951,35.8684,4.36431,0.220269,17.2895,10.2095,4,1.32499436,0.3939,100.305,4.01095,204.602,4.48048,4.60756,-0.127072,4.58458,30.42
5301,2017,bruce brown,111.5,51.5,55.94,5.6,15.3,20.7,0.744,101,0.513,33,1.9,2.9,41.4,Fr,3.36313,118.28,3.1,94.6,90.4539,31.9091,3.79755,3.87151,11.8485,5.53894,4,1.58208156,0.2075,96.8412,4.24455,203.422,8.428,4.16616,4.26184,7.66906,48.85
5613,2013,buddy hield,97.2,43.3,46.66,8.2,10.5,14.6,0.833,62,0.481,19,1.1,2.9,17.2,Fr,1.43344,101.671,2.9,69.0,94.38,25.1481,2.00583,2.14511,7.8148,7.03279,4,1.1364138,0.3621,98.1422,2.7509,126.883,5.5261,3.10463,2.42148,4.15094,43.6
5890,2019,cam reddish,96.4,45.9,49.88,2.0,10.6,10.7,0.772,65,0.394,89,1.9,2.9,26.4,Fr,2.06068,107.457,3.2,99.8,88.501,29.6944,0.680393,2.3503,13.4722,13.5688,4,0.7291409,0.2824,94.4086,4.22023,209.227,3.18676,1.24477,1.942,3.03069,23.64
6017,2016,cameron johnson,110.4,50.8,53.55,4.3,14.3,8.1,0.792,21,0.429,28,1.5,1.5,19.4,Fr,0.996308,112.983,4.5,55.4,96.1903,11.5484,1.96066,0.854354,4.6774,12.5991,4,1.0,0.2963,102.44,1.30257,62.4147,2.4976,2.06979,0.42781,2.81501,62.62
6083,2014,cameron payne,108.5,48.2,53.08,0.9,10.8,34.1,0.799,112,0.453,71,1.7,2.8,32.9,Fr,3.35489,117.836,3.5,28.4,103.862,33.0,3.16663,0.268735,17.375,11.4302,4,1.66018391,0.3955,103.643,2.93387,196.42,2.94997,3.04498,-0.0950023,3.43537,38.32
6193,2013,caris levert,93.2,38.8,39.73,2.1,9.9,11.5,0.5,15,0.326,13,0.6,1.1,15.7,Fr,0.28454,92.9324,4.4,52.4,95.7402,10.7879,-2.26335,0.530778,2.303,7.55634,4,2.50033004,0.2941,102.01,1.11645,52.7172,0.458004,0.518265,-0.0602611,-1.73257,41.56
7840,2014,christian wood,105.4,45.7,50.51,7.3,18.6,5.1,0.8,37,0.552,11,6.8,1.5,29.9,Fr,0.722686,104.463,4.7,90.4,91.1127,13.0,-0.194655,3.11571,4.5,7.6291,4,0.62497657,0.2917,92.8605,1.72555,85.7321,3.21582,-0.246291,3.46211,2.92105,28.79
8033,2010,cj mccollum,115.6,54.1,59.33,5.1,12.3,17.1,0.81,131,0.483,72,0.7,2.3,42.8,Fr,4.06522,122.751,1.8,9.8,104.864,31.8788,6.72617,-0.500785,19.1212,9.24141,4,1.19694996,0.4066,100.137,2.37594,201.573,4.28034,5.38232,-1.10198,6.22539,55.76
8242,2019,coby white,108.7,51.6,55.56,1.3,11.4,24.4,0.8,106,0.502,82,1.3,2.0,29.3,Fr,3.69748,124.886,2.7,95.2,92.0853,28.5714,4.71988,2.32854,16.0571,12.289,4,1.52127942,0.3571,98.1201,3.69208,202.343,6.65559,4.90054,1.75505,7.04842,32.28
8292,2015,cody martin,96.6,47.5,48.45,8.9,10.5,21.8,0.529,28,0.538,0,2.9,2.6,28.8,Fr,0.68723,105.024,6.7,85.6,92.9989,11.3684,-0.0183298,3.37165,3.4211,1.99696,4,1.27770745,0.375,99.4463,1.33955,40.1655,4.33724,1.48188,2.85536,3.35332,47.44
8314,2012,cody zeller,127.0,62.3,66.45,11.3,16.8,9.5,0.755,200,0.623,0,4.3,2.9,67.3,Fr,5.39068,140.263,3.8,98.2,89.7389,28.4722,7.89301,3.05051,15.6389,0.0,4,0.749985,0.4066,94.7906,3.61699,222.304,11.0667,7.50783,3.55883,10.9435,38.74
8456,2018,collin sexton,109.6,49.8,56.66,4.0,9.7,27.8,0.778,152,0.495,44,0.3,1.6,57.5,Fr,4.74253,133.448,3.3,99.2,98.1274,29.9394,5.4363,0.599108,19.1515,7.50048,4,1.29348259,0.3952,104.341,3.25388,159.716,4.68534,5.11524,-0.429909,6.03541,27.55
8845,2011,cory joseph,110.9,50.3,52.57,2.2,9.5,17.3,0.699,84,0.429,52,0.9,1.9,22.7,Fr,2.66713,110.158,2.2,98.0,89.5381,32.3889,2.52065,3.02652,10.4167,6.30356,4,2.01853339,0.3984,94.0606,4.17314,198.743,6.62528,3.74323,2.88205,5.54717,39.65
9301,2014,damian jones,97.6,54.3,54.93,8.7,15.9,2.3,0.545,138,0.543,0,5.7,0.7,52.8,Fr,1.63101,106.601,5.2,82.8,95.9152,25.9032,-1.40558,1.2689,11.2581,0.0,4,0.12499308,0.3056,99.2836,3.01095,147.891,-1.63408,-2.90994,1.27587,-0.136676,25.69
9337,2012,damion lee,113.0,55.4,59.14,4.3,13.9,14.2,0.773,79,0.545,63,1.3,1.9,35.1,Fr,3.07825,116.349,3.1,50.8,93.7447,28.9444,4.54983,1.86927,12.0,10.5383,4,1.03329935,0.3409,92.1642,3.27464,180.523,5.69996,4.36049,1.33947,6.4191,28.96
9395,2013,damyean dotson,104.9,50.3,52.26,3.7,11.1,6.8,0.723,116,0.509,47,0.5,1.9,17.5,Fr,2.22854,108.682,1.6,47.8,91.684,27.8649,2.41829,1.61811,11.3514,8.02384,4,0.64705457,0.4015,94.751,3.25378,173.614,2.84644,1.6319,1.21453,4.0364,12.27
9512,2015,d'angelo russell,113.6,54.1,57.29,3.6,15.4,30.1,0.756,136,0.479,95,1.1,2.8,30.3,Fr,5.28622,132.576,2.5,97.0,89.143,33.9429,8.22413,2.70618,19.2857,11.6594,4,1.71567788,0.3793,93.834,4.47433,233.345,9.16316,6.8867,2.27646,10.9303,43.5
9577,2018,daniel gafford,115.9,60.5,59.43,11.2,20.0,6.0,0.528,164,0.605,0,11.5,1.4,59.4,Fr,3.07368,127.463,5.8,92.4,94.1192,22.5714,3.57638,2.30227,11.8,0.0,4,0.6486614,0.297,99.7084,2.73771,183.187,7.68631,2.60176,5.08454,5.87864,37.25
10794,2017,de'aaron fox,110.7,49.7,54.81,2.1,12.2,28.6,0.739,197,0.52,17,0.7,2.7,47.1,Fr,4.05821,127.361,3.4,99.0,90.564,29.5556,3.96048,3.21261,16.6944,3.46517,4,1.89651191,0.375,96.0513,3.93508,219.063,7.14293,4.40484,2.73808,7.17309,41.13
10810,2018,deandre ayton,126.7,62.5,64.98,13.5,28.2,10.2,0.733,264,0.635,12,6.1,1.0,42.4,Fr,6.07019,140.786,2.8,99.4,93.9647,33.4857,8.02725,1.87637,20.1143,1.74757,4,0.82611341,0.4225,97.464,4.06491,265.783,8.89899,5.46564,3.43335,9.90362,46.85
10846,2018,de'andre hunter,115.1,53.8,58.37,7.6,14.9,11.8,0.755,83,0.525,21,2.7,1.9,46.0,Fr,2.81773,128.74,3.7,82.0,84.9856,19.9091,4.85204,3.63825,9.1818,5.54977,4,1.16127307,0.4634,89.8999,3.06007,116.054,7.10848,3.7128,3.39568,8.49029,33.01
10904,2017,de'anthony melton,108.0,48.3,53.05,6.0,13.6,22.5,0.706,80,0.51,21,3.9,4.1,47.2,Fr,1.9861,109.064,3.3,73.4,94.7375,27.0,2.28814,4.04456,8.3333,4.35535,4,1.95308808,0.2549,99.2402,3.19273,219.037,7.1726,2.76649,4.40611,6.33269,54.3
11019,2016,dejounte murray,97.8,45.1,48.51,4.1,13.7,25.7,0.663,168,0.457,34,0.8,2.8,34.2,Fr,2.44351,109.327,3.2,90.4,96.4446,33.5,1.73456,1.16724,16.1176,5.29374,4,1.38181932,0.3383,100.785,3.71125,243.083,3.43709,1.76825,1.66884,2.9018,60.76
11095,2010,demarcus cousins,113.5,56.0,57.93,19.9,24.9,9.2,0.604,205,0.565,1,7.5,2.4,72.6,Fr,3.90491,134.082,5.5,99.6,79.3387,23.5,6.16153,3.4411,15.1316,0.377922,4,0.487187,0.3497,83.3244,3.80857,242.468,9.60971,4.65779,4.95191,9.60263,58.71
11291,2017,dennis smith jr,109.5,52.0,56.31,2.7,11.5,34.2,0.715,136,0.509,55,1.2,3.1,47.6,Fr,4.58556,126.048,2.4,98.8,102.69,34.8125,5.32612,0.677925,18.125,7.59832,4,1.82405924,0.3084,107.928,3.14567,219.89,6.39739,5.8068,0.590582,6.00404,22.16
11349,2013,denzel valentine,94.6,49.3,51.61,6.6,16.2,22.3,0.667,51,0.537,16,1.9,2.3,25.7,Fr,0.970233,98.6875,3.6,77.8,85.9432,20.8,0.67855,3.08766,5.0286,4.85983,4,1.25372206,0.4651,92.1638,2.8842,135.487,5.31999,1.47285,3.84713,3.76621,29.46
11578,2010,derrick favors,109.0,61.5,62.31,12.5,20.2,7.3,0.628,177,0.617,0,7.8,1.8,47.6,Fr,3.13216,118.341,3.8,100.0,84.2157,27.7714,3.82367,3.68395,12.5714,0.0579349,4,0.38374508,0.3571,88.5618,4.06076,235.754,8.92075,2.8466,6.07414,7.50762,47.17
11594,2016,derrick jones jr,111.7,60.2,60.9,7.9,13.5,8.2,0.602,105,0.677,7,6.1,1.8,64.1,Fr,2.06904,116.213,6.0,90.6,95.4585,21.3571,1.60142,2.13655,10.8929,3.34286,4,0.61110683,0.4,97.6519,2.44978,125.595,4.34856,1.36663,2.98192,3.73797,42.99
11636,2010,derrick williams,113.9,58.2,61.96,9.7,19.7,6.3,0.681,158,0.594,4,2.4,1.3,82.3,Fr,4.11243,128.726,3.6,81.4,95.3585,28.2258,5.3733,0.437828,15.6774,1.06838,4,0.36667527,0.3053,100.867,2.97851,169.828,3.17199,2.95105,0.220942,5.81113,12.75
11903,2015,devin booker,121.0,57.1,60.02,2.6,7.8,10.9,0.828,77,0.527,58,0.3,1.3,22.3,Fr,3.01039,128.123,2.8,95.8,86.245,21.5,5.91621,2.31563,10.0263,10.7706,4,1.13515453,0.3977,91.0701,3.04056,117.322,6.83479,5.679,1.15579,8.23184,49.86
12212,2015,devonte' graham,106.1,46.6,53.56,1.8,7.1,23.0,0.724,29,0.377,17,0.0,2.9,65.0,Fr,1.58939,113.177,3.4,80.4,92.3543,17.8276,1.54818,2.87605,5.6552,4.60748,4,1.84849284,0.2791,99.4843,2.15884,84.8161,4.0802,2.87547,1.20473,4.42422,46.5
12351,2015,dillon brooks,105.7,49.8,54.66,7.4,11.6,11.9,0.822,116,0.489,28,2.1,1.0,31.9,Fr,2.51923,113.355,4.4,88.4,100.654,28.3333,1.71256,-0.160257,11.4722,4.78157,4,0.89042311,0.3874,106.037,2.59365,157.35,2.50112,2.35756,0.143562,1.5523,51.26
12410,2011,dion waiters,108.1,47.6,51.86,2.7,8.1,17.5,0.83,47,0.461,27,0.8,4.2,25.5,Fr,1.63374,115.306,3.3,96.0,90.0626,16.3333,1.54584,3.34324,6.4848,9.148,4,1.66670336,0.3191,95.5796,2.07364,99.9614,4.16102,3.08896,1.07206,4.88908,38.71
12701,2015,domantas sabonis,118.4,65.6,66.38,13.2,24.2,7.7,0.661,137,0.656,0,1.5,1.2,55.0,Fr,2.77039,124.285,5.1,60.2,87.1714,21.6316,3.34384,1.48338,9.7105,0.0,4,0.55931983,0.4545,90.7303,3.01955,171.557,5.34726,3.37698,1.97028,4.82722,57.09
12914,2016,donovan mitchell,113.7,48.9,52.75,6.6,13.5,15.8,0.754,66,0.559,18,0.6,2.5,30.0,Fr,1.99667,118.103,5.3,94.4,86.8733,19.0645,2.00365,3.71049,7.3871,7.27366,4,1.73338843,0.4308,92.4761,2.78403,111.579,5.59032,3.07372,2.5166,5.71414,53.49
13059,2012,dorian finney smith,92.9,39.4,42.73,11.4,17.4,13.1,0.584,43,0.314,26,2.7,1.6,37.0,Fr,0.863422,94.3459,3.7,95.4,92.8925,29.0,0.0580196,1.22854,6.3333,4.69012,4,1.08770913,0.0909,96.1581,3.34138,177.327,3.40077,0.636195,2.76457,1.28655,49.26
13104,2011,doug mcdermott,110.1,58.1,60.67,9.6,20.5,9.8,0.746,173,0.571,47,0.4,0.6,30.1,Fr,3.36637,119.763,2.9,69.2,101.427,29.0513,4.33506,-1.37196,14.8974,6.43906,4,0.51721358,0.4238,102.733,2.56243,188.789,1.91937,3.00352,-1.08415,2.96311,23.94
13461,2016,dwayne bacon,102.8,48.3,52.12,5.4,17.4,10.4,0.714,165,0.505,32,0.1,1.9,34.9,Fr,2.82123,116.26,3.0,96.8,97.9688,28.7941,2.16594,-0.279809,15.7647,6.44855,4,0.67567193,0.351,103.227,3.08491,183.109,0.967929,1.46063,-0.492701,1.88613,12.8
13530,2011,dwight powell,102.6,48.9,53.62,6.8,19.0,8.6,0.683,81,0.5,7,4.2,1.9,54.0,Fr,1.54492,104.592,4.9,93.4,91.6343,24.3871,-0.14914,3.00689,8.129,1.99958,4,0.68176696,0.3095,94.4292,2.97459,160.383,4.0042,0.30265,3.70155,2.85775,46.86
14374,2010,eric bledsoe,100.4,54.0,56.56,2.0,8.6,16.8,0.667,95,0.516,49,1.1,2.6,39.4,Fr,2.00502,104.97,2.9,86.6,90.0148,30.3243,0.921529,2.70493,11.3243,6.41899,4,0.95536839,0.3088,94.8649,3.80115,201.434,4.2837,1.79336,2.49034,3.62646,54.21
14525,2015,eric paschall,96.5,47.2,51.89,5.7,14.2,8.2,0.804,97,0.483,41,1.7,1.5,30.4,Fr,2.24291,108.17,2.6,58.2,105.528,31.1852,1.86446,-1.67107,15.9259,10.0381,4,0.35526502,0.3696,105.036,2.35918,132.478,-2.08513,-0.222871,-1.86226,0.193384,23.29
15251,2017,frank jackson,116.4,56.4,59.8,3.1,8.2,12.6,0.755,82,0.539,51,0.2,1.3,36.3,Fr,3.14817,124.244,3.8,97.6,97.4997,24.8889,3.37386,0.632511,10.9444,8.25089,4,1.24487547,0.3548,105.15,2.71476,132.144,4.07002,4.53684,-0.466824,4.00637,24.38
15257,2012,frank kaminsky,106.0,50.0,50.28,10.3,12.6,7.9,0.5,13,0.619,10,5.0,1.0,25.0,Fr,0.510125,104.755,5.0,51.8,85.5435,7.7429,-0.238786,3.18183,1.8,8.84813,4,1.0,0.25,90.1626,1.09244,45.5404,5.12295,1.69316,3.42979,2.94304,33.47
15672,2015,gary clark,114.9,52.4,54.26,13.4,18.9,13.9,0.625,110,0.537,0,5.5,2.5,34.3,Fr,2.654,115.296,2.3,82.2,86.3125,27.7941,4.33149,3.773,7.7941,0.354101,4,1.50008949,0.4337,87.7767,3.90553,192.143,9.3512,3.56196,5.78924,8.10449,13.8
15690,2013,gary harris,115.1,56.4,58.75,3.7,6.3,9.5,0.73,84,0.497,65,0.7,2.8,27.6,Fr,4.02039,123.983,2.8,96.4,89.3441,29.9091,4.99808,2.71051,12.9697,9.62169,4,0.8958405,0.3553,96.144,3.79433,154.748,7.02431,5.43082,1.59349,7.7086,40.66
15715,2018,gary trent jr,122.3,52.8,56.65,2.9,10.3,6.8,0.876,80,0.43,97,0.4,2.0,22.7,Fr,4.20346,123.926,2.0,96.8,96.3665,33.7568,3.98383,1.86363,14.4865,10.8888,4,1.3684519,0.3226,101.732,3.84901,210.866,6.50756,4.92641,1.58114,5.84746,49.81
15895,2013,georges niang,116.7,57.7,59.86,6.2,14.2,14.6,0.7,119,0.572,38,0.9,1.5,32.8,Fr,3.35838,124.377,4.8,86.0,97.4618,25.0857,3.99989,1.00749,12.0571,6.32598,4,1.20755469,0.3486,100.858,2.44093,160.207,5.64999,5.20599,0.444004,5.00738,36.79
16071,2013,glenn robinson iii,128.0,60.9,62.41,7.8,11.2,5.7,0.676,139,0.65,23,0.8,1.9,36.8,Fr,4.78519,126.589,1.4,96.8,93.7873,33.6842,5.18654,1.84601,11.0,3.47075,4,1.32250547,0.4651,99.8725,3.71723,209.433,8.65256,6.45742,2.19513,7.03255,24.74
16122,2011,gorgui dieng,113.0,61.8,60.88,13.4,18.3,8.2,0.538,68,0.624,0,13.7,1.7,47.3,Fr,1.52568,114.777,5.6,91.6,84.0792,15.5517,1.73786,5.16395,5.6552,0.130427,4,0.70375941,0.4545,88.3349,2.2925,105.295,10.1501,1.03453,9.11561,6.90181,36.98
16207,2017,grant williams,107.6,52.5,57.01,12.2,12.8,9.4,0.663,116,0.518,12,7.7,1.7,73.3,Fr,3.00821,121.732,5.2,62.0,94.1575,25.4375,3.36824,2.5665,12.5625,2.17324,4,0.58064516,0.38,98.7246,3.08224,169.662,7.96014,2.93535,5.02479,5.93474,36.95
16213,2015,grayson allen,118.3,50.9,58.32,3.5,8.9,7.8,0.849,27,0.5,18,1.5,1.9,50.0,Fr,1.26403,127.251,5.2,95.0,93.2819,9.2,2.79309,1.30513,4.3714,9.72355,4,0.9332711,0.2105,99.3689,1.08155,51.9522,4.74114,4.4103,0.330831,4.09822,39.63
16489,2018,hamidou diallo,101.1,47.0,49.75,4.2,11.5,9.5,0.611,108,0.458,26,1.6,1.8,40.3,Fr,1.8012,108.791,4.2,98.2,95.8859,24.8108,0.309039,1.49573,10.027,4.77257,4,0.90191524,0.2679,102.116,2.87974,163.536,2.72071,1.43527,1.28545,1.80476,36.2
16533,2011,harrison barnes,106.8,49.0,52.17,7.2,12.8,9.6,0.75,143,0.474,67,1.4,1.4,24.9,Fr,3.3071,118.812,2.6,100.0,89.8594,29.3784,4.86756,1.68096,15.6757,9.78697,4,0.73611183,0.3991,96.5172,3.76606,206.999,6.45127,4.443,2.00827,6.54853,36.84
16720,2010,hollis thompson,112.1,56.6,57.64,5.3,9.4,8.6,0.615,27,0.466,28,2.3,2.8,32.0,Fr,1.40506,106.519,5.0,89.4,93.1615,19.4706,1.83299,2.67903,4.7647,5.75156,4,1.26925594,0.3333,99.9124,2.25277,117.343,5.54891,3.55306,1.99585,4.51201,21.15
16882,2010,ian clark,103.3,55.6,58.04,2.8,9.2,16.9,0.775,89,0.506,74,1.1,2.1,22.2,Fr,2.18665,107.174,3.2,36.8,100.956,29.6129,2.81761,-0.0156169,14.9032,11.3308,4,0.72043331,0.4255,99.0412,2.60432,159.989,1.90783,1.57848,0.329354,2.80199,19.62
17659,2014,jabari parker,111.7,51.1,55.77,11.4,23.1,8.7,0.748,198,0.504,38,4.0,2.1,42.9,Fr,4.91923,134.716,3.1,99.4,93.1302,30.6571,6.33399,0.513063,19.1429,5.99369,4,0.50615734,0.3834,98.2252,3.87471,217.143,6.22828,4.13547,2.09281,6.84705,32.82
18172,2015,jahlil okafor,116.4,66.4,64.14,14.8,18.2,9.4,0.51,279,0.664,0,4.5,1.5,46.2,Fr,4.86364,134.278,2.8,100.0,87.7919,30.0789,7.26684,2.26927,17.2895,0.0,4,0.5158,0.44,94.5347,4.1073,226.642,9.34057,5.72749,3.61308,9.53611,25.32
18283,2013,jakarr sampson,94.7,44.9,47.71,7.3,14.9,7.9,0.64,202,0.457,0,3.5,2.1,30.2,Fr,2.39299,107.376,3.5,92.6,91.3729,31.5152,1.4529,1.39816,14.8788,0.454826,4,0.53030002,0.3863,96.0357,3.73378,204.051,0.765734,-0.703862,1.4696,2.85106,36.93
18377,2013,jake layman,102.2,48.9,50.96,5.6,11.9,8.7,0.694,39,0.557,35,3.3,1.6,19.3,Fr,0.82285,97.1877,3.3,86.4,92.0703,19.9211,1.18157,2.51126,5.4737,9.10206,4,0.92312191,0.3077,95.5593,2.33111,140.367,4.91716,1.77755,3.1396,3.69283,23.55
18546,2016,jalen brunson,107.9,53.9,58.14,2.4,5.9,19.1,0.774,77,0.51,49,0.0,1.7,38.0,Fr,2.38076,116.627,3.0,95.8,94.1811,23.975,2.45949,1.27584,9.575,7.9275,4,1.38888893,0.375,99.9446,2.88415,144.7,3.61792,3.31605,0.301867,3.73533,49.58
18927,2016,jamal murray,118.0,55.9,59.0,4.9,11.1,12.1,0.783,131,0.502,113,0.9,1.6,28.3,Fr,5.41928,132.758,2.4,98.2,96.6981,35.1944,8.14081,0.829595,20.0,12.7837,4,0.94047056,0.36,101.145,3.89906,209.711,8.14115,7.25949,0.88166,8.97041,56.65
19264,2011,james johnson,93.6,44.4,46.88,12.5,8.1,3.1,0.522,16,0.444,0,2.3,0.3,63.9,Fr,0.0185233,87.0053,6.6,27.2,105.738,7.1786,-3.768,-0.799146,1.5714,0.0,4,0.29991599,0.3636,104.619,0.527819,29.8735,-4.35939,-3.16867,-1.19072,-4.56714,35.42
19671,2011,jared sullinger,121.1,54.5,59.14,14.1,26.0,7.4,0.704,219,0.55,3,2.0,2.0,65.1,Fr,5.56031,137.02,3.1,99.4,83.2367,31.6757,6.75443,1.60343,17.1622,0.634109,4,0.72883482,0.3784,88.8615,4.78604,252.581,7.78311,5.53495,2.24816,8.35786,50.12
19707,2018,jaren jackson jr,116.8,59.5,64.71,8.7,19.7,9.3,0.797,81,0.596,38,14.2,1.6,57.3,Fr,2.85891,125.628,5.9,98.6,82.3774,21.8571,3.90199,6.66517,10.9143,7.36253,4,0.62905048,0.4651,85.8569,3.55732,203.113,12.7801,3.42652,9.35353,10.5672,52.48
19838,2017,jarrett allen,101.9,56.6,57.14,11.0,18.8,5.5,0.564,179,0.579,0,5.0,1.0,47.2,Fr,2.65605,111.598,2.6,96.8,91.3054,32.1515,2.13467,2.01551,13.3939,0.382352,4,0.3095266,0.4765,99.0269,4.198,209.689,3.4387,-0.15881,3.59751,4.15017,55.65
20273,2019,jaxson hayes,133.8,72.8,73.9,8.8,16.2,2.6,0.74,123,0.728,0,10.6,1.5,59.2,Fr,3.96095,136.739,5.7,79.8,88.6571,23.3438,3.95482,5.02707,10.0,0.0,4,0.31030677,0.3913,94.8033,3.27939,161.475,10.4958,3.60466,6.89117,8.98189,24.84
20421,2016,jaylen brown,95.4,47.1,51.76,4.5,16.5,15.1,0.654,133,0.482,30,2.2,1.7,57.4,Fr,2.2008,111.139,4.6,99.4,91.4564,27.6176,0.728962,1.94263,14.6471,6.30595,4,0.63810632,0.3017,96.1781,3.55465,185.694,2.64996,0.00518571,2.64478,2.67159,49.96
20553,2017,jayson tatum,108.9,50.7,56.61,4.9,19.7,12.4,0.849,125,0.504,40,3.2,2.3,38.1,Fr,4.16553,123.83,3.6,99.4,89.1819,33.3103,4.14057,2.5717,16.8276,6.93329,4,0.81577449,0.377,96.6201,4.59476,209.644,6.47515,3.17569,3.29946,6.71227,70.48
20854,2013,jerami grant,103.2,48.7,51.1,9.0,13.6,5.9,0.562,48,0.471,6,3.7,1.8,62.4,Fr,0.879381,103.078,3.8,90.6,86.2944,14.3,0.681628,2.53914,3.875,1.59204,4,0.6923077,0.32,91.0257,1.95325,103.972,3.79555,1.10662,2.68892,3.22077,35.63
21028,2011,jeremy lamb,116.6,54.8,56.84,5.0,12.2,12.3,0.797,136,0.546,46,2.2,1.9,15.8,Fr,3.39066,122.047,2.2,83.0,92.2786,27.8049,5.14917,2.31334,11.1463,6.74108,4,1.26925799,0.4277,98.9458,3.28292,196.267,7.02246,4.50206,2.5204,7.4625,44.46
21408,2015,jevon carter,106.2,45.1,48.64,4.6,7.2,14.8,0.77,47,0.423,48,0.5,4.7,23.1,Fr,1.74618,108.694,3.2,40.4,90.7856,23.7714,2.95885,3.55916,8.1429,10.5545,4,1.51220766,0.2667,95.9013,2.999,161.41,6.42701,3.79527,2.63175,6.51801,32.8
21688,2011,joe harris,105.3,54.5,56.96,4.6,14.0,10.3,0.759,42,0.42,65,1.5,1.9,22.7,Fr,2.36588,109.675,3.0,73.8,97.0835,29.3548,2.95883,1.24265,10.4194,11.1003,4,0.79596357,0.3019,100.621,3.01558,152.191,5.23394,3.05488,2.17906,4.20148,41.05
21825,2014,joel embiid,112.0,62.9,65.5,12.7,27.3,11.5,0.685,106,0.639,1,11.7,2.3,83.6,Fr,2.92867,124.998,5.8,97.4,83.519,23.1071,4.24577,6.35075,11.1786,0.444178,4,0.57574986,0.3846,90.0859,3.6851,176.276,12.7402,3.37781,9.36236,10.5965,76.47
21979,2016,john collins,110.3,54.7,58.92,12.6,16.7,3.5,0.691,81,0.547,0,5.0,1.1,63.5,Fr,1.56539,119.529,7.4,63.2,99.4688,14.3871,1.35353,0.649195,7.3226,0.0,4,0.22579999,0.4,107.265,1.46039,86.4562,0.750399,0.256339,0.49406,2.00272,46.6
22077,2010,john henson,95.7,49.7,49.15,10.7,17.8,10.9,0.438,84,0.515,4,9.4,2.5,40.3,Fr,0.851313,101.291,2.7,99.2,86.8228,15.8649,2.36556,4.81963,5.7297,1.67613,4,0.75555009,0.3103,92.0505,2.16987,149.79,7.42647,0.405596,7.02087,7.1852,31.87
22226,2010,john wall,108.7,50.3,56.18,2.7,10.1,34.8,0.754,165,0.509,37,1.5,2.9,53.0,Fr,4.41717,122.661,2.2,99.8,88.793,34.8108,4.82966,2.89544,16.6486,4.98101,4,1.61745724,0.315,93.3072,4.50963,247.229,7.09124,4.39997,2.69126,7.72509,52.04
22529,2017,jonathan isaac,118.8,56.8,61.37,7.7,25.0,7.5,0.78,99,0.593,31,6.2,2.4,46.1,Fr,3.31379,124.259,3.3,98.6,85.7333,26.1875,5.44522,3.71742,11.9688,5.82381,4,0.77080003,0.4333,92.6767,3.92563,213.687,8.94668,3.5937,5.35299,9.16264,64.44
22786,2011,jordan clarkson,96.7,47.8,55.07,2.0,7.8,17.8,0.793,77,0.487,20,0.5,1.8,54.0,Fr,1.77152,107.059,3.7,59.0,100.56,24.8889,-0.0654497,-0.276427,11.4815,5.88676,4,0.66665511,0.3846,103.062,2.24599,106.363,-1.44798,-0.591905,-0.856076,-0.341877,44.77
23067,2015,jordan mclaughlin,94.5,40.7,44.83,1.8,8.6,30.1,0.652,61,0.407,28,0.8,2.8,36.4,Fr,1.65888,102.828,1.5,91.6,100.115,31.6364,1.24169,0.753877,12.0909,8.57646,4,2.00004385,0.3026,103.102,2.92898,120.924,1.90647,1.68889,0.217584,1.99557,39.79
23126,2018,jordan poole,108.0,53.5,57.55,0.8,12.8,9.0,0.82,34,0.523,38,1.4,2.5,29.4,Fr,1.24673,117.323,3.3,81.6,89.3059,12.2051,3.22238,3.17674,5.9744,13.7193,4,0.88003128,0.25,95.3795,1.69511,86.5604,4.45869,2.32799,2.1307,6.39912,47.22
23669,2014,josh hart,126.8,57.5,60.34,10.2,13.7,8.1,0.677,61,0.67,26,1.4,1.5,55.2,Fr,2.6629,124.859,4.6,84.4,92.9412,21.3824,3.51704,2.01626,7.7941,6.71722,4,1.57909808,0.4545,98.2602,2.67695,128.35,6.85895,4.84649,2.01246,5.5333,47.53
23705,2017,josh jackson,108.2,55.2,55.95,8.7,17.4,18.2,0.566,186,0.549,34,3.5,3.1,40.3,Fr,3.96351,125.309,3.9,100.0,89.032,30.7714,5.1048,3.50141,16.3429,4.65208,4,1.07216571,0.3691,95.418,4.21538,249.205,9.08058,4.44679,4.63379,8.60621,29.94
23804,2017,josh okogie,103.4,48.1,54.55,5.2,13.5,12.3,0.747,163,0.466,26,2.5,2.4,56.4,Fr,2.95936,115.324,3.4,63.8,90.7576,30.8378,2.22646,2.67989,16.1081,3.6172,4,0.79217721,0.403,96.3352,4.10337,221.734,3.51944,0.833887,2.68555,4.90635,39.78
23837,2012,josh richardson,82.8,40.3,43.23,3.9,6.3,7.9,0.64,26,0.426,9,3.3,2.1,25.5,Fr,-0.419763,77.8935,4.5,51.0,95.1624,15.7879,-2.8798,2.71463,2.8788,4.32562,4,0.70003299,0.3571,100.154,1.67675,85.1826,1.24189,-1.90303,3.14492,-0.16517,42.31
24351,2014,julius randle,111.2,50.4,56.59,13.4,24.7,10.0,0.706,193,0.516,3,2.6,1.0,73.7,Fr,4.08221,126.832,3.0,99.8,91.0035,30.825,4.90839,1.37976,14.975,0.875006,4,0.5643564,0.3466,96.732,4.09889,249.652,5.23199,3.14857,2.08342,6.28816,35.97
24432,2013,justin anderson,106.3,46.7,52.31,5.1,12.2,20.2,0.764,69,0.473,20,6.0,2.3,42.0,Fr,2.13559,110.949,2.3,90.2,87.2959,24.0286,2.98188,3.86498,7.6,5.11349,4,1.88368876,0.3385,88.9786,3.20764,159.427,7.74244,2.68901,5.05342,6.84686,30.61
24631,2017,justin jackson,105.7,52.9,55.97,7.3,16.4,6.3,0.702,70,0.443,45,3.0,1.8,36.2,Fr,2.19431,110.363,3.2,83.8,94.8781,27.8485,2.62768,1.35282,10.5152,6.62639,4,0.57406504,0.2658,99.1523,3.31066,177.504,4.20945,2.06726,2.14219,3.9805,20.83
24633,2015,justin jackson,114.0,52.0,54.67,5.9,8.8,15.1,0.71,129,0.544,28,2.0,1.1,28.3,Fr,3.11145,120.64,2.1,98.4,95.6694,27.1316,5.37067,1.40315,10.7368,5.13102,4,1.69234141,0.4161,103.534,2.96805,157.377,6.98571,5.26117,1.72455,6.77382,20.83
24637,2011,justin jackson,84.6,53.4,49.62,7.8,15.9,10.3,0.303,38,0.535,1,4.4,3.6,44.6,Fr,-0.200338,81.7751,6.3,68.8,84.8035,12.9143,-3.40729,5.08411,2.5429,0.414616,4,0.66663427,0.3077,88.4505,1.88095,97.9436,4.19103,-2.14591,6.33694,1.67682,20.83
24868,2015,justise winslow,112.2,55.1,57.2,5.4,19.8,13.2,0.641,127,0.516,46,2.9,2.8,43.8,Fr,3.46074,121.863,3.8,97.6,85.5702,29.1026,4.83748,4.19282,12.6154,5.83216,4,1.15495747,0.1765,92.0154,4.19758,246.908,9.53879,4.7201,4.8187,9.03031,34.11
25313,2015,karl anthony towns,122.7,57.0,62.72,14.1,22.2,11.5,0.813,143,0.577,2,11.4,1.4,52.3,Fr,3.50076,135.582,5.6,99.2,73.2127,21.1282,6.31975,6.80643,10.2821,0.606421,4,0.8301693,0.4375,77.2779,3.93509,202.777,14.8828,5.63939,9.24336,13.1262,62.81
25455,2010,kawhi leonard,106.5,46.8,50.79,13.7,23.7,12.1,0.722,140,0.513,15,2.6,2.8,33.1,Fr,3.16387,115.066,3.3,88.8,88.1581,31.4375,3.13155,1.60206,12.75,4.53808,4,0.81426288,0.3758,90.8009,4.13471,223.438,5.99483,3.0409,2.95393,4.73361,91.64
25624,2015,keita bates diop,117.1,57.0,58.8,4.9,18.9,9.5,0.679,26,0.481,18,6.7,2.0,30.1,Fr,1.03954,117.835,2.9,94.4,86.9556,9.9091,3.78106,3.69288,3.7879,7.15267,4,1.3079462,0.35,91.2173,1.3803,70.5637,6.44336,2.22131,4.22205,7.47394,33.11
26120,2012,kentavious caldwell pope,104.0,48.0,49.94,5.0,14.7,9.8,0.654,87,0.512,65,1.3,3.7,21.1,Fr,3.08951,113.741,2.7,97.8,93.0422,32.125,4.5191,2.19771,13.1875,13.5542,4,1.08337773,0.4167,97.9889,3.66979,193.437,6.1586,4.21228,1.94632,6.7168,44.9
26387,2017,kevin huerter,110.7,54.3,55.37,2.7,16.0,17.9,0.714,42,0.494,64,2.4,1.9,11.0,Fr,2.31176,110.273,2.4,87.2,95.2064,29.4242,4.21576,2.69708,9.303,10.3715,4,1.91312133,0.381,99.4954,3.46818,185.235,6.76639,3.79416,2.97223,6.91284,46.01
26488,2019,kevin porter jr,98.4,56.1,55.91,4.8,15.0,12.0,0.522,46,0.517,28,2.6,2.1,29.3,Fr,1.35541,105.347,3.8,94.6,97.8478,22.0952,1.39332,0.965498,9.5238,8.2556,4,0.76926388,0.3171,100.088,2.39508,94.1094,1.85504,0.566484,1.28856,2.35882,39.35
26565,2015,kevon looney,113.0,50.5,53.22,12.2,21.0,9.1,0.626,129,0.481,22,3.3,2.5,45.8,Fr,3.40004,119.258,3.7,98.0,91.9367,30.9444,4.43098,1.88494,11.5556,2.80204,4,1.13336,0.2613,96.2307,3.78196,242.473,7.63282,4.25398,3.37884,6.31592,51.22
26738,2010,khris middleton,107.8,51.1,55.43,6.6,12.7,10.4,0.75,45,0.517,33,1.4,2.5,38.9,Fr,1.8213,110.979,4.5,79.8,88.9265,20.9394,2.41804,3.03332,7.3636,8.41877,4,0.85001237,0.3488,95.6938,2.70989,131.273,7.10893,3.78742,3.32151,5.45136,57.49
27162,2013,kris dunn,96.0,41.5,47.16,6.6,13.2,22.8,0.69,45,0.413,4,1.1,2.6,47.2,Fr,1.09285,96.9394,4.5,97.0,91.2872,27.2,-0.986535,3.0332,5.68,1.24859,4,1.68085111,0.3125,96.3197,3.2349,128.602,3.65985,0.56284,3.09701,2.04666,40.8
27320,2013,kyle anderson,100.2,43.0,48.48,8.0,23.0,20.8,0.735,114,0.447,8,2.8,3.4,39.9,Fr,2.25417,107.292,2.8,99.6,86.789,29.8857,2.63314,3.87285,9.6571,2.08456,4,1.67123739,0.3401,90.5974,3.99921,263.563,8.05055,2.39874,5.65181,6.50598,44.06
27448,2015,kyle kuzma,102.4,52.0,53.46,5.0,20.9,16.8,0.581,23,0.548,11,2.2,0.3,40.8,Fr,0.669359,110.996,5.0,62.8,88.3311,8.129,0.128655,1.74312,3.3226,8.77845,4,1.05563209,0.3333,92.0979,1.10713,43.1138,2.79757,1.04838,1.74919,1.87177,26.59
27603,2011,kyrie irving,130.5,61.5,69.7,2.3,10.6,29.8,0.901,37,0.569,18,1.8,3.0,68.3,Fr,5.95161,148.528,3.0,99.8,87.1588,27.5455,9.48637,4.37825,17.4545,7.29491,4,1.74076183,0.4231,91.7011,3.80115,61.4034,12.1928,9.40502,2.78781,13.8646,60.61
27806,2010,lance stephenson,99.3,46.2,49.35,7.3,14.0,19.1,0.664,146,0.495,16,0.7,1.9,32.3,Fr,2.43413,110.932,2.8,98.4,93.3915,28.2353,2.87922,1.68549,12.3235,4.55624,4,1.03702143,0.3287,99.2715,3.1973,171.527,3.66146,1.66201,1.99945,4.56471,21.68
27852,2017,landry shamet,130.3,60.3,63.38,2.3,8.8,22.2,0.81,61,0.521,71,0.9,1.4,30.2,Fr,3.92745,129.934,3.2,70.6,93.9051,26.6667,6.02053,2.26095,11.5,9.82879,4,3.00009233,0.4,95.0558,3.26444,158.37,7.9924,6.6438,1.3486,8.28147,36.28
27863,2011,langston galloway,115.0,49.6,54.81,4.8,14.1,19.0,0.887,70,0.407,65,1.7,3.1,28.7,Fr,3.83301,118.707,2.9,66.4,103.382,34.303,4.54378,0.835637,12.7576,9.16564,4,2.37505144,0.3585,105.235,2.78156,208.595,5.53847,5.38694,0.151524,5.37942,37.46
28030,2017,lauri markkanen,130.1,58.4,63.45,10.0,17.5,5.6,0.835,116,0.545,69,1.8,0.8,43.6,Fr,5.35761,137.903,2.6,93.0,94.657,30.8108,7.74147,0.84563,15.5676,8.55561,4,0.8000185,0.4513,99.0583,3.66462,203.764,7.77584,6.9491,0.826736,8.5871,34.0
28531,2018,lonnie walker iv,107.9,50.3,52.74,1.7,9.2,13.0,0.738,76,0.487,56,1.8,2.0,20.4,Fr,2.47646,113.718,2.3,97.0,97.8887,27.75,2.92349,1.57556,11.5,10.7291,4,1.64867667,0.3036,101.866,3.01536,148.382,4.42331,3.28302,1.1403,4.49906,27.89
28533,2017,lonzo ball,129.4,66.8,67.26,3.2,14.3,31.4,0.673,109,0.732,80,2.1,2.8,28.6,Fr,5.50817,133.073,2.1,99.6,95.9566,35.0556,7.65462,3.37211,14.5556,8.28628,4,3.07867505,0.5172,99.8459,4.0114,275.837,11.0424,8.18346,2.85898,11.0267,56.21
28702,2019,luguentz dort,98.9,46.7,51.77,4.5,10.0,15.0,0.7,120,0.472,54,0.8,2.7,48.1,Fr,2.4587,110.24,3.8,94.2,97.309,31.5588,1.21371,1.11304,16.0882,8.97904,4,0.79796002,0.2889,100.209,3.46962,212.483,2.59497,1.73009,0.864884,2.32675,36.62
28838,2016,luke kennard,120.7,50.3,55.62,4.1,10.6,10.6,0.889,86,0.528,55,0.6,2.1,29.6,Fr,3.55767,126.594,2.9,96.0,99.0448,26.6944,3.91087,0.767283,11.8056,10.4129,4,1.92851627,0.413,106.756,2.7517,158.175,5.20396,5.06178,0.142178,4.67815,33.57
29138,2012,malcolm brogdon,93.1,46.5,51.44,3.1,12.6,13.2,0.8,41,0.451,22,0.6,1.5,31.4,Fr,0.793795,95.9328,2.4,80.6,89.5082,22.3571,-0.663274,1.7916,6.7143,7.1241,4,0.86362477,0.2222,91.276,2.85806,99.7032,1.18393,-0.906024,2.08995,1.12833,54.39
29241,2016,malik beasley,114.9,54.1,58.29,5.0,15.1,9.8,0.813,130,0.518,55,0.6,1.8,32.6,Fr,3.71706,123.97,3.0,92.4,98.7372,29.8235,4.89748,0.449452,15.5588,7.75132,4,0.86440388,0.3525,104.037,3.11598,182.98,4.21408,4.06388,0.150193,5.34693,34.39
29344,2017,malik monk,115.7,54.3,58.59,1.1,7.2,13.3,0.822,147,0.497,104,1.5,1.6,32.3,Fr,4.66659,129.887,2.4,98.0,94.1113,32.0526,6.14589,1.77952,19.8421,11.4944,4,1.14475,0.4011,99.9136,3.86031,210.41,6.1421,5.18184,0.960259,7.92541,29.21
29824,2013,marcus smart,102.2,45.5,53.24,5.4,14.2,26.8,0.777,113,0.465,38,2.2,5.3,57.5,Fr,3.43154,115.31,3.3,98.2,81.0731,33.5152,4.31411,5.71881,15.3636,7.01097,4,1.25225949,0.3561,85.2491,5.1168,272.437,10.5777,4.4735,6.10424,10.0329,57.53
29842,2012,marcus thornton,83.3,42.3,46.81,1.6,8.9,12.0,0.7,78,0.382,36,0.5,0.8,35.3,Fr,0.475812,90.612,2.3,19.2,113.874,28.0323,-2.38077,-4.13172,11.0,7.83037,4,0.50631771,0.3445,114.394,1.20853,110.232,-8.09814,-3.82232,-4.27582,-6.5125,33.81
29843,2011,marcus thornton,75.1,37.3,38.46,9.4,14.3,7.9,0.417,16,0.372,2,6.7,2.3,47.1,Fr,-0.425086,72.8884,3.7,76.0,90.4576,9.375,-3.64674,2.92157,1.5,1.64615,4,0.5651085,0.2222,94.3445,1.15923,60.5156,1.32248,-3.43489,4.75737,-0.725175,33.81
30255,2016,marquese chriss,109.3,56.2,58.64,9.8,11.7,6.3,0.685,159,0.57,21,5.9,1.9,38.3,Fr,2.66194,119.28,6.5,88.6,96.5835,24.9118,2.60641,1.63427,13.8235,3.61537,4,0.37681086,0.4211,100.93,2.74802,179.644,4.54953,2.03066,2.51887,4.24068,38.74
30453,2018,marvin bagley iii,123.8,64.0,64.35,13.8,21.4,8.8,0.627,247,0.647,23,2.6,1.4,47.5,Fr,6.01066,139.5,2.2,100.0,91.47,33.7576,8.30044,1.34425,21.0303,2.93586,4,0.66669599,0.4576,96.4998,4.41523,234.046,8.66296,6.3114,2.35157,9.6447,31.82
30561,2010,mason plumlee,98.6,47.2,48.89,9.1,15.2,11.3,0.543,47,0.48,2,6.1,2.3,43.4,Fr,0.774768,101.505,6.1,94.8,82.4137,14.1471,-0.605796,4.98865,3.6765,0.998679,4,0.93752652,0.1842,88.0142,2.16444,104.635,7.30161,0.688791,6.61282,4.38286,36.05
30632,2016,matisse thybulle,101.5,49.2,52.16,4.5,8.7,10.8,0.714,37,0.43,34,3.5,2.4,27.4,Fr,0.676045,96.147,5.4,79.4,97.9551,24.1176,-0.0887294,2.54087,6.2059,5.79314,4,1.14887148,0.2703,102.364,2.5477,163.201,4.20554,1.03002,3.17552,2.45214,50.71
31077,2010,matthew dellavedova,118.5,51.1,56.86,3.5,7.4,20.6,0.85,47,0.382,73,0.0,2.0,36.9,Fr,3.96235,116.855,2.4,21.0,99.3256,36.8182,3.32367,0.732434,12.3939,9.04171,4,2.26151203,0.3026,102.621,3.45928,183.011,5.35204,4.97928,0.372757,4.0561,34.33
31470,2011,meyers leonard,79.1,48.3,51.46,4.6,12.8,3.3,0.706,28,0.491,0,5.2,1.1,29.3,Fr,-0.165376,80.4576,7.4,94.2,91.1222,8.2424,-6.91448,2.55613,2.0606,0.222768,4,0.19228329,0.3226,98.6762,1.0202,48.9904,-1.48959,-4.74511,3.25552,-4.35835,29.69
31575,2012,michael carter williams,112.5,49.1,50.78,3.9,11.7,34.3,0.565,18,0.45,7,2.9,4.6,39.7,Fr,0.999347,113.671,3.7,95.0,86.2626,10.3462,2.4281,4.43866,2.6923,4.083,4,3.37487805,0.2778,89.7959,1.43225,57.4751,7.0076,3.80363,3.20397,6.86676,45.4
31742,2012,michael kidd gilchrist,111.8,51.1,57.05,10.3,16.1,10.8,0.745,147,0.535,13,2.8,1.9,58.9,Fr,3.64184,119.42,3.1,99.6,86.5498,31.125,3.86278,2.87296,11.9,2.44492,4,0.86206898,0.3561,90.971,4.29842,242.953,8.18856,5.00434,3.18423,6.73574,47.81
31979,2016,mikal bridges,125.2,59.1,63.3,5.7,12.4,7.5,0.787,63,0.716,23,3.6,3.1,45.5,Fr,2.36518,121.561,4.4,84.0,86.6959,20.325,3.52478,5.00786,6.35,5.62484,4,1.45833328,0.3333,92.0014,2.97133,171.493,10.5968,5.19129,5.40555,8.53264,57.48
32201,2010,mike muscala,107.0,47.4,51.89,7.6,16.2,7.5,0.806,110,0.476,6,9.6,0.7,28.7,Fr,1.62216,104.861,3.3,9.2,102.388,24.8333,0.717015,0.865896,9.8667,1.6452,4,0.7931106,0.3862,99.414,2.0441,146.557,1.67157,-1.42871,3.10028,1.58291,37.58
32393,2017,miles bridges,106.6,56.3,58.01,5.7,23.0,14.5,0.685,121,0.55,56,4.9,1.2,25.3,Fr,3.70524,121.197,2.3,97.8,89.0446,31.9643,6.17448,3.32584,16.8929,9.40134,4,0.8787917,0.3617,95.9681,4.42432,197.051,8.43413,3.64606,4.78807,9.50032,46.58
32715,2013,montrezl harrell,114.5,57.7,57.09,11.4,14.6,2.5,0.508,97,0.577,0,4.9,1.9,37.5,Fr,1.68891,115.759,3.1,84.0,83.4225,16.2,3.33385,2.49359,5.65,0.0,4,0.3478261,0.25,88.1774,2.3513,123.603,5.70546,2.23038,3.47508,5.82745,55.19
32745,2016,moritz wagner,107.7,62.7,62.18,9.3,13.2,3.1,0.556,34,0.708,2,2.7,1.4,30.5,Fr,0.556937,106.47,7.3,76.4,98.4756,8.6897,-3.27977,0.947082,2.8966,2.66075,4,0.26662799,0.4,103.263,0.915181,44.1697,0.0580361,-0.6493,0.707336,-2.33269,33.26
32974,2015,myles turner,109.4,48.8,55.61,7.2,24.9,6.2,0.839,100,0.513,17,12.3,0.8,43.6,Fr,2.57861,121.208,4.3,99.0,81.3327,22.2059,3.08008,5.45255,10.1471,5.20698,4,0.42549187,0.4255,85.3599,3.51116,185.417,7.38281,0.519533,6.86328,8.53262,41.62
33079,2019,nassir little,107.8,50.5,55.07,9.2,16.9,6.1,0.77,117,0.529,14,3.3,1.5,36.6,Fr,2.06833,120.333,3.6,99.6,90.2613,18.1944,2.44311,1.69912,9.8056,4.18961,4,0.47918697,0.3263,96.0253,2.46613,144.019,3.87487,1.85473,2.02014,4.14224,43.28
33444,2013,nerlens noel,109.0,59.0,58.26,10.4,22.3,9.5,0.529,98,0.59,0,13.2,3.9,62.7,Fr,2.61518,109.012,3.2,100.0,78.8597,31.875,3.95391,7.13561,10.4583,0.0,4,0.84442666,0.3284,81.3956,5.17641,227.307,12.8608,2.47414,10.3866,11.0895,42.0
33811,2018,nickeil alexander walker,105.3,55.4,57.53,3.6,14.0,10.6,0.73,66,0.516,58,2.5,1.9,22.8,Fr,1.94488,110.068,2.3,92.2,97.6823,25.4545,2.70234,1.4768,10.6667,10.0315,4,0.94225158,0.2,101.74,2.77424,163.539,4.39723,2.10999,2.28724,4.17913,26.32
33916,2013,nik stauskas,121.9,59.6,63.05,2.1,9.6,7.8,0.843,58,0.5,79,0.8,1.2,28.0,Fr,3.955,122.565,0.9,78.2,95.9965,30.8421,5.31687,1.00394,11.1316,9.60529,4,1.18179463,0.339,102.225,3.16947,171.721,6.76203,5.67386,1.08817,6.32081,21.33
34098,2014,noah vonleh,109.1,56.0,60.43,10.8,27.3,4.9,0.716,97,0.53,16,5.4,1.9,62.0,Fr,2.41123,114.674,4.1,98.0,86.69,26.4667,2.72525,3.33363,11.2667,2.41028,4,0.2812544,0.3934,90.6372,3.93211,195.609,5.27582,0.682888,4.59293,6.05888,34.15
34169,2012,norman powell,96.8,45.6,46.58,1.9,13.7,12.2,0.643,32,0.405,24,1.8,1.6,9.4,Fr,0.50024,93.8512,3.1,89.6,97.1725,17.6875,-0.34388,0.895745,4.5312,7.5926,4,1.60851424,0.3095,99.0608,1.7907,92.0277,0.806276,-0.142067,0.948342,0.551865,33.45
34278,2016,og anunoby,114.2,62.5,60.68,11.4,11.7,6.6,0.476,53,0.609,13,5.6,3.4,36.2,Fr,1.21616,113.586,4.5,41.4,92.4393,13.7059,3.36225,3.60479,4.8529,3.59206,4,0.64286582,0.3333,96.7728,1.73042,101.575,7.95513,3.58777,4.36735,6.96704,51.4
34723,2012,pat connaughton,110.0,52.5,54.67,4.9,16.7,7.9,0.757,44,0.543,41,0.6,1.3,18.4,Fr,1.76785,107.136,2.2,80.8,94.7319,24.1176,2.39116,1.08071,7.0294,9.48861,4,1.25003536,0.2593,98.7538,2.6076,137.119,2.91048,1.97325,0.937229,3.47187,42.13
34817,2015,patrick mccaw,103.4,51.8,53.79,2.9,8.6,17.5,0.712,47,0.448,57,1.1,2.9,20.3,Fr,1.89573,106.046,2.1,60.6,98.9902,29.5938,2.25394,1.04529,9.5938,10.132,4,1.50881424,0.3125,100.476,2.88467,152.758,3.5434,3.07866,0.464734,3.29923,23.07
35082,2011,perry jones iii,108.7,54.7,57.68,9.6,15.9,7.5,0.685,155,0.556,2,3.0,0.9,43.9,Fr,3.25933,114.12,2.9,98.8,95.7841,33.8621,2.41683,0.507393,13.8966,0.602041,4,0.49253341,0.3721,97.7252,3.64363,172.136,2.50737,1.54514,0.962232,2.92422,21.52
35391,2018,pj washington,105.5,52.7,55.76,7.9,14.8,10.4,0.606,129,0.542,5,3.5,1.6,80.3,Fr,2.43499,113.541,4.0,97.2,93.9672,27.3514,2.00191,2.5152,10.7838,1.1812,4,0.80280371,0.3448,100.072,3.35611,196.468,5.42862,2.25743,3.1712,4.51712,42.24
35641,2012,quinn cook,117.9,46.6,52.41,1.8,8.0,31.5,0.776,33,0.55,14,0.5,2.1,42.2,Fr,1.60556,125.454,2.7,93.6,96.6754,11.7273,4.00236,0.826062,4.4242,8.43636,4,3.49972525,0.4286,102.237,1.19843,62.1373,3.89808,4.93281,-1.03473,4.82843,14.57
36161,2011,ray mccallum,109.1,48.0,53.75,4.9,10.6,29.4,0.687,109,0.48,25,0.5,2.7,64.9,Fr,3.25766,114.857,2.6,95.0,102.413,33.3438,3.5975,0.140181,13.4062,4.12776,4,1.90357771,0.2769,103.062,2.79266,193.742,3.83692,4.24921,-0.412292,3.73768,26.46
36315,2011,reggie bullock,103.4,45.3,46.13,5.9,13.6,7.5,0.565,33,0.465,29,0.7,2.5,13.6,Fr,1.09602,108.017,2.6,97.2,88.1859,14.5185,2.75804,2.64626,6.1481,13.6379,4,1.23073725,0.4667,93.9454,1.95175,82.9402,5.59167,3.68159,1.91008,5.40431,36.92
36787,2019,rj barrett,108.0,50.6,53.19,4.8,17.2,23.5,0.665,246,0.529,73,1.2,1.4,31.9,Fr,5.37716,131.547,2.1,100.0,89.0179,35.2632,5.86672,1.30984,22.6316,9.60522,4,1.33335401,0.3824,95.1227,4.9322,254.326,5.93047,4.58557,1.3449,7.17656,32.54
37227,2012,rodney hood,113.2,52.4,53.51,3.5,13.3,11.9,0.659,80,0.506,47,1.3,0.8,14.3,Fr,2.68116,109.801,1.6,94.4,101.833,32.8125,2.77567,0.120008,10.25,7.46548,4,2.13333333,0.4688,104.614,2.72746,158.152,3.52772,3.30626,0.221459,2.89568,29.99
37241,2010,rodney mcgruder,126.0,59.1,61.03,9.8,15.0,7.8,0.72,28,0.56,18,2.6,1.4,26.9,Fr,1.46629,120.59,2.7,79.0,90.7629,12.303,6.1391,2.05841,3.8788,5.85739,4,1.13355342,0.4074,97.5746,1.5031,76.2644,7.40763,4.87837,2.52927,8.19751,23.78
37441,2014,rondae hollis jefferson,113.1,49.4,54.44,10.4,15.7,11.0,0.682,119,0.502,2,4.3,1.8,61.1,Fr,2.69047,119.404,3.8,97.2,84.1936,25.2632,2.86751,4.57465,9.1316,0.646312,4,1.25002159,0.2571,88.6868,3.936,189.697,8.51251,2.76207,5.75044,7.44216,43.95
37671,2012,ryan anderson,96.8,47.2,50.84,6.7,23.4,8.8,0.673,102,0.498,23,2.0,0.9,38.1,Fr,1.84163,103.683,2.0,73.4,98.9646,29.871,1.45391,-0.432615,11.1935,5.62042,4,0.62496769,0.3458,101.819,2.80449,176.825,-0.171271,-0.493809,0.322538,1.02129,46.01
37809,2010,ryan kelly,98.0,41.1,42.84,3.1,16.1,10.1,0.667,11,0.423,5,6.2,2.2,13.3,Fr,0.132902,91.8161,6.2,97.0,83.4775,6.2857,-1.75907,5.14982,1.1714,5.17341,4,1.62467194,0.3636,87.6362,0.938486,48.5111,6.45355,-0.020259,6.4738,3.39075,24.76
38111,2013,sam dekker,116.7,57.9,59.67,6.3,11.4,14.1,0.69,68,0.571,50,1.8,1.9,28.7,Fr,3.06724,125.475,2.2,97.8,85.5384,22.2857,6.8034,3.61965,9.5714,10.6914,4,1.27036228,0.3333,91.5261,3.07755,128.848,8.34152,5.05216,3.28936,10.423,23.15
38810,2013,shabazz muhammad,107.1,48.7,52.82,9.9,8.5,5.8,0.711,162,0.463,40,0.4,1.3,39.5,Fr,4.18108,124.768,2.1,99.8,98.5396,30.8438,5.4274,-1.6276,17.875,6.16621,4,0.52942655,0.3628,103.412,2.8948,147.485,1.84634,3.93685,-2.09052,3.7998,27.18
38814,2011,shabazz napier,103.0,45.6,50.7,3.0,7.8,24.1,0.771,54,0.419,46,0.5,4.2,35.6,Fr,1.93403,110.104,3.0,83.8,90.6274,23.8049,2.0609,3.37477,7.8049,8.89296,4,1.65330997,0.3385,97.1752,2.94459,180.847,5.99911,3.60676,2.39235,5.43567,43.45
38824,2018,shai gilgeous alexander,114.1,51.6,57.87,3.2,10.0,28.8,0.822,160,0.5,23,1.7,2.8,46.2,Fr,4.34397,125.039,2.0,94.0,94.6415,33.7297,5.06269,3.04908,14.3784,2.59924,4,1.90907054,0.3768,100.791,4.06009,235.269,7.76378,4.95128,2.8125,8.11177,46.31
38829,2016,shake milton,119.0,58.6,60.29,1.1,8.9,14.0,0.725,61,0.53,52,1.0,1.5,21.5,Fr,2.97578,114.173,1.8,82.2,99.2578,32.6667,2.37572,1.33646,10.5,7.49165,4,1.78262564,0.381,100.473,3.36656,151.802,3.66102,3.04846,0.612566,3.71218,29.83
38900,2012,shane larkin,98.5,43.8,50.37,2.6,8.8,19.2,0.857,41,0.394,32,0.3,3.7,34.5,Fr,1.41794,102.021,2.5,76.8,94.9353,25.625,0.211972,2.446,7.4375,7.42518,4,1.3499733,0.2692,98.5844,2.72926,150.22,3.31989,1.61608,1.70381,2.65798,32.43
39431,2016,skal labissiere,105.5,51.6,54.0,7.3,14.6,3.6,0.661,98,0.521,0,10.3,0.9,32.6,Fr,1.32904,112.492,7.6,99.8,91.4025,15.75,-1.36423,3.46701,6.5833,0.206139,4,0.33336968,0.4621,95.6059,2.03132,118.717,5.09141,0.0929794,4.99843,2.10278,33.27
39473,2010,solomon hill,97.2,50.3,55.04,7.6,12.8,13.5,0.705,70,0.526,4,0.5,1.4,51.7,Fr,1.07081,98.2041,4.4,91.8,98.5153,25.3226,-0.462597,0.618565,6.6774,1.34001,4,0.82537027,0.3651,104.206,2.40132,131.538,1.75843,0.491045,1.26738,0.155969,34.07
39516,2012,spencer dinwiddie,110.6,49.6,57.39,2.9,11.5,12.5,0.81,52,0.377,42,1.1,1.7,59.1,Fr,2.58132,112.621,3.3,73.8,95.9274,27.7353,2.34027,1.7551,10.0294,6.06102,4,1.17013883,0.2778,99.0864,2.91706,159.66,4.20266,2.53048,1.67218,4.09537,48.81
39610,2015,stanley johnson,108.0,50.1,55.1,8.9,19.1,11.6,0.742,131,0.478,43,1.6,3.2,45.6,Fr,3.25537,120.461,3.7,99.6,82.5525,28.4474,4.5269,3.85374,13.7632,6.39449,4,0.7682932,0.4323,86.6693,4.41275,234.531,8.8059,4.11077,4.69513,8.38064,28.74
39818,2014,sterling brown,100.5,53.5,54.41,8.1,14.4,10.1,0.571,43,0.531,17,1.9,2.3,32.8,Fr,0.507345,95.8334,3.3,78.4,92.4842,19.4324,0.580972,2.68652,4.3514,3.93219,4,0.93021856,0.3846,94.41,2.50837,135.892,4.11965,0.857067,3.26258,3.2675,28.37
39926,2013,steven adams,109.7,57.1,55.46,15.3,19.1,5.4,0.443,100,0.571,0,11.2,1.9,40.0,Fr,1.99486,109.998,2.8,99.2,83.1502,23.4062,3.36616,3.72734,7.2188,0.0,4,0.57140248,0.3261,86.5013,3.44551,158.07,9.76937,2.06394,7.70544,7.0935,48.08
40345,2011,tarik black,106.0,52.8,54.67,14.4,11.3,3.2,0.587,122,0.528,0,7.3,2.0,54.5,Fr,1.75354,108.833,5.7,87.8,95.2126,22.6286,0.289426,1.23929,9.0857,0.0,4,0.25534291,0.2615,97.7187,2.46385,150.266,2.89374,0.274618,2.61912,1.52872,27.38
40657,2016,terence davis,95.1,48.3,46.12,4.8,10.0,8.8,0.368,10,0.526,3,1.7,3.0,63.3,Fr,0.155386,94.4083,7.0,66.0,98.9654,6.9474,-2.61878,1.60356,1.8947,4.76564,4,1.199848,0.0,101.163,0.718305,25.8565,0.456218,-0.396528,0.852746,-1.01523,50.1
40803,2011,terrence jones,105.6,47.0,51.17,9.0,22.1,10.3,0.646,180,0.465,26,6.0,2.2,52.1,Fr,3.85608,121.685,3.0,98.4,84.1061,31.4737,3.90817,3.21055,15.6579,3.98144,4,0.79996957,0.3362,89.1825,4.6613,280.458,6.84804,2.62034,4.2277,7.11872,26.18
40814,2011,terrence ross,117.9,53.9,55.56,5.3,12.3,9.6,0.758,58,0.552,44,2.0,1.8,14.3,Fr,2.15818,122.184,4.7,93.8,93.7937,17.4412,4.15216,1.47316,8.0294,11.686,4,1.37498228,0.4167,98.3958,1.99062,110.908,5.56967,4.62625,0.943416,5.62533,38.78
40875,2014,terry rozier,116.0,47.8,50.45,4.4,13.7,16.6,0.712,57,0.422,36,0.3,3.2,22.4,Fr,1.87007,116.836,3.1,94.2,86.7702,18.8919,2.63681,3.84259,7.0,7.93298,4,3.04540849,0.3125,88.9598,2.81317,139.093,6.555,3.29361,3.26139,6.4794,45.81
41074,2010,thomas robinson,88.1,48.5,46.93,17.2,23.0,6.7,0.395,33,0.485,0,7.7,1.7,63.2,Fr,0.271294,96.7849,7.3,94.6,80.6622,7.1212,-4.04083,1.5962,2.5152,0.0,4,0.34610994,0.3214,85.828,1.12428,58.7087,1.9088,-2.19677,4.10557,-2.44464,28.15
41164,2010,tim frazier,89.4,42.0,47.41,2.4,13.2,26.6,0.672,42,0.389,9,0.4,2.6,48.5,Fr,0.597381,95.1235,4.5,66.2,97.3539,18.3871,-3.58086,0.859524,4.9677,2.68245,4,1.40383927,0.3061,101.749,1.85245,101.457,-1.13262,-1.94254,0.809915,-2.72133,31.81
41171,2011,tim hardaway jr,109.8,52.4,56.04,3.0,11.7,12.6,0.761,80,0.479,76,0.6,2.1,31.6,Fr,3.75257,121.503,2.5,68.0,92.5654,30.9118,5.17239,2.06455,14.0294,12.4826,4,1.34093183,0.3396,100.338,3.65885,175.922,6.20685,4.84499,1.36186,7.23695,40.04
41373,2011,tj mcconnell,114.5,56.0,57.57,2.7,11.3,26.6,0.683,91,0.548,36,0.5,5.1,23.2,Fr,2.64628,111.342,2.3,30.6,89.1415,30.7742,2.51592,4.55156,10.6774,5.43696,4,2.43636567,0.4886,90.5968,3.98676,222.705,6.27522,3.36094,2.91428,7.06748,44.05
41412,2013,tj warren,125.4,64.5,63.78,9.6,8.1,5.9,0.542,172,0.632,14,1.5,2.6,24.1,Fr,3.95168,127.619,3.3,95.6,98.7874,26.9714,5.80996,1.28453,12.1429,1.65045,4,0.82355363,0.5,103.595,2.52882,160.227,6.78402,6.21468,0.569337,7.09449,41.94
41437,2011,tobias harris,109.5,48.9,53.96,7.5,20.6,10.4,0.753,162,0.497,23,3.4,1.4,42.3,Fr,3.69915,123.031,2.8,99.0,91.867,29.2059,5.33543,1.37966,15.3235,4.52936,4,0.7096792,0.3661,97.8243,3.5272,197.759,4.80112,2.71068,2.09044,6.7151,45.67
41619,2017,tony bradley,123.3,56.4,58.21,18.2,19.0,7.4,0.616,97,0.564,0,4.6,1.0,57.6,Fr,2.2608,132.834,5.0,95.2,89.8191,14.6053,5.13508,1.73424,7.0789,0.0,4,0.92004869,0.3099,96.9021,1.96324,112.527,8.31686,5.25593,3.06093,6.86932,41.14
41684,2013,tony parker,96.7,54.1,52.49,6.5,13.8,0.9,0.438,33,0.541,0,4.1,0.6,52.5,Fr,0.339754,101.091,10.4,95.4,95.4459,6.2727,-5.32275,0.145565,2.4242,0.0,4,0.1,0.4444,99.5436,0.653063,37.3391,-3.45789,-2.47459,-0.983296,-5.17719,30.6
41696,2011,tony snell,101.2,48.0,51.34,3.4,9.5,9.4,0.735,18,0.409,29,1.2,0.5,26.6,Fr,0.567422,95.7064,2.4,19.6,100.077,17.5758,0.8701,0.0689719,4.4848,8.65807,4,1.03571003,0.3684,103.268,1.61306,83.3956,0.930171,0.699809,0.230362,0.939072,27.28
41719,2012,tony wroten,95.7,45.3,48.83,8.0,9.8,24.5,0.583,189,0.483,9,1.2,3.5,59.1,Fr,2.76456,112.145,3.5,96.4,93.6772,30.3429,2.30166,1.69946,15.9714,2.97052,4,0.98485972,0.3459,97.047,3.41557,215.125,4.17926,1.85641,2.32285,4.00112,19.9
41850,2018,trae young,112.1,51.9,58.62,1.3,9.9,48.3,0.861,143,0.493,118,0.7,2.5,44.4,Fr,7.00052,145.446,2.0,95.6,100.301,35.4062,9.41387,0.738749,27.375,15.0708,4,1.65865722,0.427,106.864,3.53946,216.691,9.94112,9.5331,0.408018,10.1526,55.94
42293,2012,treveon graham,102.6,45.6,50.4,9.5,13.3,7.3,0.633,49,0.445,26,1.7,2.7,62.2,Fr,1.40079,109.929,4.5,21.2,92.3947,16.7778,1.74374,0.693259,7.0,8.38967,4,0.58831002,0.2857,92.0593,1.96313,109.448,2.40636,1.77673,0.629627,2.437,21.31
42443,2012,trey burke,106.6,50.9,54.41,2.3,9.8,29.1,0.748,119,0.492,57,1.3,1.6,30.6,Fr,4.45924,121.176,1.8,81.6,96.2862,36.6364,5.00522,1.0191,15.1818,8.69076,4,1.6774182,0.3716,102.512,3.77885,185.96,5.39436,4.24728,1.14708,6.02433,34.17
42523,2015,trey lyles,112.6,49.6,54.26,9.9,16.1,9.2,0.735,113,0.536,4,2.1,1.4,42.5,Fr,2.47689,118.732,2.8,97.8,80.7753,23.0,3.61558,3.10483,8.6944,2.18574,4,0.92685926,0.3577,85.2659,3.68296,154.613,7.23508,3.72842,3.50666,6.72041,30.85
42668,2011,tristan thompson,107.4,54.6,53.65,13.9,13.6,8.0,0.487,172,0.546,0,7.2,1.8,82.9,Fr,3.18197,116.101,3.6,97.8,84.3695,30.9444,4.0139,3.79762,13.0833,0.0,4,0.70311623,0.3553,88.6309,4.53819,237.951,9.71642,3.73655,5.97987,7.81152,36.83
42709,2010,troy daniels,122.7,52.0,54.0,2.2,9.2,6.8,0.833,3,0.375,15,1.2,0.7,12.2,Fr,0.611269,115.036,3.8,60.4,103.254,6.0385,1.83025,-1.1778,2.1538,15.3637,4,3.00130051,0.1667,102.941,0.484853,21.583,1.10928,3.26198,-2.1527,0.652448,27.51
43001,2014,tyler ennis,114.5,45.3,51.07,2.6,9.0,32.5,0.765,118,0.429,30,0.7,3.9,41.4,Fr,4.27438,123.033,2.3,95.6,92.6229,35.7353,4.48187,3.5142,12.9412,4.5863,4,3.2413389,0.3333,97.6955,4.56203,202.885,6.86227,4.85439,2.00787,7.99607,34.56
43044,2019,tyler herro,118.2,53.6,58.03,1.6,14.0,15.2,0.935,126,0.538,60,1.1,2.0,23.1,Fr,4.19748,124.79,1.6,92.8,90.7113,32.6216,4.61711,3.45699,14.027,8.34073,4,1.5333621,0.4667,96.8156,4.35662,222.631,7.81611,4.78189,3.03422,8.0741,40.94
43066,2011,tyler johnson,91.4,44.5,46.9,8.3,11.2,23.9,0.551,43,0.524,4,2.0,3.9,44.5,Fr,0.295492,91.3415,3.7,29.4,98.8585,16.8333,-0.674299,1.50338,4.1667,3.24643,4,1.36360541,0.3889,99.0642,1.63273,98.5488,0.960649,-0.699336,1.65998,0.82908,34.92
43555,2015,tyus jones,121.8,48.9,57.49,1.8,9.9,27.5,0.889,88,0.44,47,0.2,2.7,50.0,Fr,4.78888,128.348,1.4,98.6,91.4497,33.8974,5.61301,2.78366,11.8205,5.64527,4,2.8552881,0.3274,98.3377,4.202,223.713,8.58766,6.36463,2.22302,8.39666,40.68
43733,2011,victor oladipo,107.3,57.1,58.6,10.9,14.8,10.5,0.612,80,0.593,8,1.5,3.6,52.8,Fr,1.80293,115.24,4.8,73.0,93.8384,18.0,3.56299,1.811,7.375,2.75542,4,0.63636364,0.3684,100.079,2.05868,115.471,5.27156,3.12632,2.14524,5.37399,51.27
44009,2018,wendell carter jr,121.5,59.1,62.81,12.8,23.1,13.0,0.738,160,0.586,19,7.6,1.7,52.7,Fr,4.21939,133.412,4.2,98.8,87.1812,26.8378,5.9064,4.45957,13.5405,2.61512,4,0.98667985,0.4124,92.0353,3.90976,243.593,11.6474,5.02887,6.6185,10.366,36.72
44147,2011,will barton,98.8,47.8,50.18,5.4,12.9,19.5,0.699,128,0.527,39,1.6,2.9,21.3,Fr,1.86938,104.072,3.0,97.6,95.1807,30.5714,1.41282,1.42018,12.3143,7.86742,4,1.11235197,0.3883,97.6859,3.33204,203.291,3.21681,1.36481,1.85201,2.833,36.78
44387,2013,willie cauley stein,103.5,62.1,57.66,12.0,17.2,8.0,0.372,105,0.621,0,8.4,2.1,50.9,Fr,1.75236,106.872,4.1,91.6,87.4122,23.5517,2.19092,3.18567,8.3448,0.0,4,0.56246979,0.3382,90.3763,3.11882,155.769,6.29739,1.47138,4.82601,5.37659,38.29
44836,2017,zach collins,120.6,67.6,70.32,12.2,23.2,4.4,0.743,125,0.672,10,9.8,1.5,71.5,Fr,2.57928,130.93,6.3,94.2,77.1749,17.2308,4.31375,5.66437,10.0,1.74739,4,0.26668833,0.5085,79.0742,3.09468,185.367,9.54386,2.60042,6.94344,9.97812,22.92
44941,2014,zach lavine,107.3,52.4,54.48,2.4,9.5,12.6,0.691,79,0.494,48,0.8,2.1,23.6,Fr,1.84098,110.171,3.2,90.0,98.8807,24.4324,1.46349,0.535932,9.4324,8.06163,4,1.57149149,0.4118,103.564,2.59395,148.504,2.74348,2.46177,0.281707,1.99942,38.83
