,year,player_name,Ortg,usg,eFG,TS_per,ORB_per,DRB_per,AST_per,TO_per,FT_per,twoPM,twoPA,twoP_per,TPM,TPA,TP_per,blk_per,stl_per,ftr,yr,porpag,adjoe,pfr,Rec Rank,adrtg,mp,ogbpm,dgbpm,oreb,dreb,treb,ast,stl,blk,pts,unk,season,ast/tov,rimmade/(rimmade+rimmiss),midmade/(midmade+midmiss),drtg,dporpag,stops,bpm,obpm,dbpm,gbpm,rating
159,2017,aaron holiday,113.1,23.2,57.1,60.96,1.5,9.5,24.4,21.3,0.793,97,180,0.539,53,129,0.411,0.6,2.2,35.9,So,3.0058,120.686,3.4,89.4,99.9203,26.3333,2.95371,0.777734,0.3333,2.5278,2.8611,4.3889,1.0833,0.1667,12.25,7.33543,3,1.81607151,0.6413,0.4318,103.97,2.65112,174.792,3.35938,3.56244,-0.203062,3.73144,32.62
298,2013,abdel nader,80.2,36.7,38.6,42.6,6.3,22.0,13.0,21.8,0.772,63,170,0.371,26,94,0.277,3.1,3.3,21.6,So,0.775547,94.0947,4.5,51.6,95.1509,25.4211,-1.60017,-0.229039,1.4737,4.1579,5.6316,0.8947,1.3158,0.5263,13.0526,12.3202,3,0.27867933,0.4933,0.2737,94.3871,2.69501,102.957,-3.33467,-4.18276,0.848084,-1.82921,24.46
946,2010,al farouq aminu,101.8,27.8,47.1,52.4,14.6,20.5,9.1,20.6,0.698,149,308,0.484,18,66,0.273,4.5,2.6,53.2,So,3.38288,117.633,3.8,98.4,85.7956,31.2903,4.27468,2.15491,4.2903,6.4194,10.7097,1.3226,1.4194,1.4194,15.8387,3.81868,3,0.41415375,0.6474,0.2741,90.2827,4.31568,237.061,6.58999,2.7312,3.85879,6.42958,46.45
1023,2011,alec burks,116.2,32.1,49.8,57.71,9.1,14.7,19.8,15.0,0.822,215,421,0.511,28,95,0.295,1.0,2.0,57.8,So,5.61344,137.983,3.0,61.4,101.415,31.5946,7.64884,-0.411573,2.3514,4.1081,6.4595,2.973,1.0811,0.2973,20.5135,4.71429,3,1.13404034,0.6559,0.3957,105.007,2.76887,212.053,5.84106,6.3762,-0.535146,7.23727,37.54
1126,2014,alex caruso,102.3,21.1,51.3,55.29,1.7,11.9,36.7,24.4,0.685,79,152,0.52,24,72,0.333,3.3,4.3,49.6,So,1.85564,106.588,3.6,83.2,89.755,29.7941,0.990315,5.30713,0.4412,3.1471,3.5882,5.0,2.0294,0.8235,9.0,4.41571,3,2.02379998,0.625,0.2917,91.4274,4.05352,216.791,6.7114,1.41404,5.29736,6.29745,60.17
1458,2012,allen crabbe,112.5,21.4,53.1,56.42,3.5,16.5,12.2,12.9,0.843,96,207,0.464,83,208,0.399,1.8,0.9,21.4,So,3.7898,117.768,1.7,87.0,92.0698,34.0588,5.37925,1.62326,0.9412,4.7647,5.7059,2.0882,0.5294,0.5882,15.1765,10.8356,3,1.3396203,0.7091,0.375,94.2053,4.05122,211.572,5.99997,4.03295,1.96703,7.00251,28.9
1869,2012,andre roberson,108.3,21.8,54.9,56.83,12.4,29.2,9.2,17.0,0.606,123,227,0.542,18,46,0.391,6.8,2.7,56.8,So,3.00442,114.22,3.1,69.6,83.2999,30.4706,4.64925,3.8823,3.0588,7.9412,11.0,1.2059,1.3529,1.8824,11.5882,2.7003,3,0.6508176,0.675,0.2239,86.0431,4.535,276.426,9.16284,2.36161,6.80123,8.53155,55.03
2056,2010,andrew nicholson,112.5,24.0,56.1,59.67,9.1,17.9,3.7,14.8,0.76,189,337,0.561,0,0,0.0,6.6,0.4,37.1,So,3.72714,121.2,4.0,10.6,99.7134,30.2759,3.05449,0.0396227,2.3448,4.8276,7.1724,0.4828,0.2069,1.8966,16.3103,0.0,3,0.25927716,0.7425,0.3824,101.019,2.81462,169.169,1.74362,1.14214,0.601477,3.09411,25.72
4124,2015,bobby portis,118.9,25.7,55.2,58.23,13.6,20.2,8.8,11.5,0.737,236,436,0.541,14,30,0.467,4.8,2.1,33.5,So,4.63646,132.388,2.9,96.8,92.078,29.8889,7.31961,1.08034,3.6944,5.2222,8.9167,1.1667,1.0833,1.3889,17.4722,1.58536,3,0.74999998,0.7304,0.3799,95.8038,3.6384,235.735,7.92782,5.11539,2.81243,8.39995,35.43
5612,2014,buddy hield,113.7,23.0,54.8,56.78,6.0,9.1,11.8,13.7,0.75,106,207,0.512,90,233,0.386,0.5,2.4,19.1,So,3.85182,123.293,2.7,69.0,100.703,32.0909,5.6647,0.886104,1.7576,2.6667,4.4242,1.8788,1.3939,0.1515,16.5152,12.24,3,1.03332969,0.6462,0.2857,106.487,3.19093,183.496,6.71269,5.92388,0.78881,6.5508,43.6
6014,2017,cameron johnson,121.0,16.3,58.7,61.61,2.5,12.8,14.4,12.6,0.811,49,96,0.51,78,187,0.417,1.0,1.7,26.1,So,3.7768,120.969,3.1,55.4,101.674,33.303,3.81106,1.61123,0.697,3.8182,4.5152,2.3333,0.9394,0.3333,11.8788,10.1101,3,2.02631363,0.661,0.2703,109.386,3.10312,188.16,6.08497,4.89016,1.19481,5.42229,62.62
6082,2015,cameron payne,118.8,31.3,52.9,56.73,2.3,10.7,39.8,14.9,0.783,149,294,0.507,82,220,0.373,1.6,3.2,31.3,So,5.30761,134.334,2.5,28.4,101.405,32.1714,8.84184,1.44499,0.6,3.0857,3.6857,5.9714,1.9429,0.4857,20.2,12.0348,3,2.40230118,0.6092,0.4615,100.124,2.93831,203.057,8.30782,8.05255,0.25527,10.2868,38.32
6192,2014,caris levert,111.7,21.4,52.0,55.84,2.0,14.0,17.2,14.7,0.767,103,224,0.46,60,147,0.408,0.8,2.2,32.3,So,3.80866,120.81,2.0,52.4,97.5617,34.0,3.97772,1.94683,0.5135,3.8108,4.3243,2.9459,1.1892,0.2703,12.9189,7.47837,3,1.75801161,0.6867,0.3262,102.869,3.76429,211.715,6.72547,4.66592,2.05955,5.92454,41.56
7343,2010,chris johnson,116.4,22.9,52.4,57.06,11.2,20.9,7.5,12.8,0.848,73,140,0.521,66,188,0.351,1.6,2.3,30.2,So,3.26504,125.245,3.1,71.2,84.6466,24.0556,6.9899,2.5545,2.3056,4.6111,6.9167,0.8056,0.9444,0.3333,11.8889,12.7762,3,0.67448093,0.7231,0.3467,87.9954,3.458,192.485,8.24811,5.59166,2.65645,9.5444,29.57
7839,2015,christian wood,105.3,26.5,52.5,56.56,10.4,22.7,8.5,17.2,0.731,155,279,0.556,25,88,0.284,8.0,0.6,42.5,So,3.38532,117.312,3.2,90.4,93.1696,32.6667,3.39767,0.95983,2.8485,7.1212,9.9697,1.303,0.3333,2.7273,15.7273,5.13674,3,0.5443001,0.6689,0.4252,94.0666,3.87095,225.504,4.05841,1.43628,2.62213,4.3575,28.79
8032,2011,cj mccollum,104.2,32.1,44.7,52.26,6.1,18.8,16.0,14.4,0.845,162,372,0.435,52,165,0.315,2.0,4.1,43.4,So,3.74101,117.904,2.0,9.8,96.929,34.4839,5.5615,1.08093,1.9032,5.9032,7.8065,2.1613,2.4839,0.6774,21.8387,8.67357,3,0.76136961,0.5315,0.3755,93.7732,3.54663,260.023,4.79787,3.38142,1.41645,6.64243,55.76
8291,2016,cody martin,104.0,15.3,47.6,50.04,7.1,11.2,15.8,20.5,0.597,75,160,0.469,3,7,0.429,1.7,2.8,40.1,So,1.14562,100.835,3.2,85.6,100.179,25.7576,0.575805,2.34075,1.7273,2.6364,4.3636,2.2727,1.2121,0.4242,6.0303,0.477529,3,1.6304613,0.6269,0.3548,106.58,2.55284,159.427,3.90831,1.62334,2.28496,2.91655,47.44
8313,2013,cody zeller,119.4,26.5,56.2,62.26,12.4,18.7,9.4,17.1,0.757,199,352,0.565,0,2,0.0,4.4,2.1,73.2,So,5.23894,136.731,3.0,98.2,83.5675,29.5278,6.89924,3.10171,2.8333,5.2222,8.0556,1.3056,1.0278,1.25,16.5,0.111637,3,0.58026669,0.6261,0.4348,88.1328,4.30792,237.616,9.61322,5.41262,4.2006,10.0009,38.74
9300,2015,damian jones,103.6,26.3,55.4,57.39,9.7,16.5,5.9,18.0,0.606,174,312,0.558,1,5,0.2,7.3,1.2,67.2,So,2.90695,116.363,3.5,82.8,95.1792,29.1429,2.01529,1.09852,2.1714,4.3143,6.4857,0.7429,0.5714,2.0,14.4,0.316104,3,0.3421295,0.6667,0.4345,97.8264,3.2313,191.226,2.7378,0.448283,2.28951,3.11381,25.69
9304,2010,damian lillard,117.1,27.4,52.5,58.81,1.3,12.6,23.6,15.1,0.848,95,203,0.468,81,209,0.388,0.4,2.1,43.2,So,4.74424,125.965,2.2,57.4,102.854,34.4138,6.61777,-0.172524,0.3793,3.6552,4.0345,3.6207,1.2069,0.1379,20.1379,12.2157,3,1.47886291,0.5441,0.3134,104.115,2.78825,172.024,3.81034,5.1708,-1.36046,6.44525,67.73
9336,2013,damion lee,111.8,27.2,51.1,55.98,4.6,15.4,15.0,13.5,0.829,90,186,0.484,62,172,0.36,0.4,1.6,32.7,So,4.04491,121.182,3.5,50.8,100.738,33.037,5.61551,0.0406132,1.2593,3.8519,5.1111,1.8148,0.8148,0.1111,17.1481,12.6148,3,0.97996654,0.64,0.3727,101.133,2.83247,144.14,3.55543,4.24968,-0.694245,5.65612,28.96
9394,2014,damyean dotson,106.2,19.9,48.7,52.47,3.7,12.4,9.7,13.9,0.803,90,182,0.495,26,83,0.313,0.7,1.2,24.9,So,1.79543,110.444,3.0,47.8,102.443,23.8182,1.58352,-0.351993,0.697,2.5152,3.2121,1.2121,0.4848,0.1515,9.4242,6.05097,3,1.05262705,0.6395,0.3608,107.783,2.20954,118.427,1.31274,1.44592,-0.133182,1.23152,12.27
9576,2019,daniel gafford,112.3,25.2,65.9,65.11,11.2,22.7,6.0,18.2,0.591,213,323,0.659,0,0,0.0,8.4,1.8,59.8,So,3.78329,125.761,3.8,92.4,90.6895,28.6875,5.11414,2.16258,2.8438,5.8125,8.6562,0.7188,0.9062,1.9688,16.875,0.0,3,0.30265264,0.8125,0.3131,95.1262,3.82935,217.448,6.45392,2.10357,4.35035,7.27672,37.25
10008,2010,darius miller,114.2,15.0,50.0,52.67,4.7,7.8,12.3,16.3,0.795,43,87,0.494,43,128,0.336,2.7,1.6,18.1,So,1.77453,110.132,3.6,83.8,92.1621,21.1579,2.23143,2.66268,0.8684,1.6316,2.5,1.5263,0.5789,0.5789,6.4737,8.95474,3,1.65704041,0.6316,0.4615,96.7919,2.49672,131.993,6.00156,3.54964,2.45192,4.89411,34.23
10845,2019,de'andre hunter,122.9,23.5,57.9,61.78,5.6,13.4,13.0,11.8,0.783,159,289,0.55,46,105,0.438,2.4,1.2,39.8,So,5.47025,136.483,2.5,82.0,89.824,32.4737,6.77482,2.63666,1.3684,3.7105,5.0789,1.9737,0.5789,0.5789,15.2368,5.60386,3,1.44234148,0.6917,0.4295,94.2741,4.42249,198.406,8.84325,6.23889,2.60435,9.41148,33.01
10856,2010,deandre liggins,109.5,12.7,50.0,52.14,4.7,10.9,8.8,16.9,0.59,22,42,0.524,14,44,0.318,1.8,2.6,45.3,So,0.887274,102.53,3.8,93.4,88.2036,15.3448,0.767033,4.14382,0.6207,1.6552,2.2759,0.8276,0.6897,0.2759,3.7586,5.56197,3,1.41180485,0.6818,0.35,93.3238,2.02197,85.3578,5.88268,2.61015,3.27253,4.91085,24.22
11348,2014,denzel valentine,106.9,18.1,48.9,51.2,5.2,18.2,22.6,20.6,0.677,65,151,0.43,43,114,0.377,1.3,2.0,24.5,So,2.19099,110.021,3.5,77.8,92.5243,29.3684,1.95537,2.66387,1.2368,4.7632,6.0,3.7895,0.9737,0.3158,7.9737,6.16176,3,2.08695897,0.5862,0.3407,97.8927,3.74983,208.945,6.05795,3.07561,2.98234,4.61924,29.46
11634,2012,derrick williams,114.7,22.7,56.7,62.6,11.2,15.2,7.1,18.0,0.762,101,175,0.577,14,40,0.35,1.8,1.5,70.2,So,3.19155,121.343,3.9,30.0,100.996,25.9062,3.01346,-0.976111,2.375,3.25,5.625,0.7812,0.625,0.4688,11.2188,2.97025,3,0.45450315,0.6894,0.2381,103.614,2.27019,137.185,2.37905,2.90368,-0.524627,2.03735,12.75
11635,2011,derrick williams,123.1,28.7,65.0,68.97,11.8,21.9,8.7,18.2,0.746,184,306,0.601,42,74,0.568,2.3,1.9,87.1,So,5.75326,142.206,3.7,81.4,91.1963,30.0263,9.33852,1.9496,2.7632,5.5,8.2632,1.1316,0.9737,0.6842,19.5,3.87575,3,0.43000458,0.7181,0.4153,96.0426,3.67449,238.464,9.3455,7.30197,2.04352,11.2881,12.75
12211,2016,devonte' graham,117.4,17.0,57.4,59.89,1.3,9.9,19.5,17.8,0.739,66,138,0.478,72,165,0.436,0.4,2.5,29.0,So,3.5155,119.344,2.6,80.4,91.3531,32.6757,4.10802,3.69436,0.3514,3.0,3.3514,3.7027,1.4324,0.1351,11.1622,7.83145,3,2.14066021,0.62,0.3977,97.8683,4.20691,217.699,8.94105,5.68528,3.25577,7.80238,46.5
12245,2012,dewayne dedmon,98.5,21.3,55.1,55.28,12.6,17.6,3.6,19.3,0.537,65,117,0.556,0,1,0.0,4.7,2.0,34.7,So,1.44005,103.773,5.5,48.6,89.6805,23.25,-1.31719,2.15542,2.45,3.0,5.45,0.3,0.7,0.95,7.6,0.142254,3,0.20689655,0.8462,0.3175,93.3454,2.92177,91.0182,1.06602,-2.29326,3.35928,0.838229,38.85
12350,2016,dillon brooks,113.3,25.9,51.5,55.86,7.2,11.6,19.4,16.0,0.808,178,343,0.519,48,142,0.338,1.2,1.9,31.1,So,4.56732,127.908,3.6,88.4,97.3526,33.027,5.2745,0.835101,2.027,3.3514,5.3784,3.1622,1.0811,0.3784,16.8108,6.69021,3,1.32954922,0.6415,0.413,101.958,3.60985,207.551,6.2461,5.39519,0.85091,6.1096,51.26
12408,2012,dion waiters,115.9,25.4,53.4,56.53,2.4,8.2,21.2,12.9,0.729,129,244,0.529,41,113,0.363,1.5,4.6,33.1,So,3.66298,129.685,3.1,96.0,87.8998,24.0811,5.86491,4.00081,0.4865,1.8108,2.2973,2.4865,1.8108,0.3243,12.6216,7.73238,3,1.91667314,0.625,0.39,92.5144,3.20202,172.467,8.0106,6.20125,1.80935,9.86572,38.71
12700,2016,domantas sabonis,120.0,26.0,61.2,65.09,11.6,28.2,11.4,18.5,0.768,224,364,0.615,5,14,0.357,2.7,1.1,51.3,So,4.82477,131.449,4.0,60.2,88.0512,32.0571,5.39611,2.27469,3.0286,8.8,11.8286,1.8,0.6,0.8857,17.4857,0.730373,3,0.68477518,0.7336,0.4497,90.7655,4.53415,263.303,7.50443,3.90304,3.60139,7.6708,57.09
12912,2018,donovan mitchell,103.7,12.7,60.2,61.99,4.7,18.3,3.2,25.2,0.769,16,29,0.552,15,35,0.429,2.8,1.5,20.3,So,0.392831,97.8764,7.1,46.4,100.251,11.2333,-1.8673,1.98926,0.4667,1.7667,2.2333,0.2,0.3,0.2667,2.9,5.91496,3,0.3158061,0.6111,0.4167,105.174,1.13807,65.3323,1.40721,-0.335025,1.74224,0.12196,53.49
12913,2017,donovan mitchell,114.4,23.3,49.8,53.4,3.7,12.9,16.0,12.7,0.806,101,218,0.463,80,226,0.354,1.7,3.7,24.3,So,4.18895,125.447,3.2,94.4,86.2419,32.2941,5.39252,4.7107,1.0882,3.7647,4.8529,2.7353,2.0588,0.5,15.5588,12.0052,3,1.66067641,0.5517,0.3663,93.2413,4.74913,232.285,10.0466,6.17702,3.86963,10.1032,53.49
12987,2018,donte divincenzo,119.5,22.8,59.0,60.77,4.9,13.8,20.0,17.0,0.71,103,179,0.575,85,212,0.401,0.7,2.1,27.4,So,4.29565,130.482,2.8,75.4,93.9887,29.275,5.81862,2.2784,1.15,3.6,4.75,3.475,1.05,0.2,13.425,10.3691,3,1.7594936,0.6486,0.4627,100.427,3.56864,215.984,8.81159,6.56506,2.24653,8.09702,38.98
12988,2017,donte divincenzo,112.0,19.1,55.6,58.15,5.5,12.7,12.0,18.1,0.699,67,119,0.563,42,115,0.365,1.3,2.2,35.5,So,2.48345,115.827,2.5,75.4,91.7019,25.5278,3.05664,2.45266,1.0278,2.7778,3.8056,1.6944,0.9167,0.2778,8.8333,7.64838,3,1.17308225,0.625,0.4783,96.9108,3.29803,163.741,6.06282,3.50077,2.56204,5.5093,38.98
13058,2014,dorian finney smith,103.2,23.2,43.8,47.69,12.2,19.3,16.1,17.4,0.643,66,151,0.437,39,133,0.293,1.9,1.1,40.5,So,2.22998,113.292,3.4,95.4,87.6716,25.8108,2.23021,2.12957,2.5405,4.1351,6.6757,2.0541,0.4324,0.4324,8.7297,8.78715,3,1.24596631,0.4639,0.375,92.0517,3.75006,171.234,6.79352,3.14936,3.64416,4.35978,49.26
13103,2012,doug mcdermott,123.8,28.5,65.4,67.84,9.9,20.5,8.0,14.7,0.796,253,400,0.632,54,111,0.486,0.3,0.4,32.7,So,6.04273,140.656,2.2,69.2,101.876,31.9143,9.91173,-1.68903,2.4,5.8286,8.2286,1.0571,0.2,0.0857,22.8857,5.86586,3,0.46834434,0.7352,0.4558,103.987,2.69096,188.725,4.75873,6.81598,-2.05725,8.2227,23.94
13153,2010,draymond green,114.3,21.8,52.8,56.17,10.4,24.6,23.3,18.1,0.672,137,249,0.55,2,16,0.125,4.1,2.9,48.3,So,3.20416,121.999,4.7,86.4,84.3544,25.5405,4.81372,5.30217,2.1892,5.5405,7.7297,3.027,1.2162,0.9189,9.8919,1.01491,3,1.80640929,0.6744,0.4167,89.1542,3.72302,227.649,11.6835,5.11453,6.56898,10.1159,73.21
13460,2017,dwayne bacon,108.4,27.4,51.0,54.37,4.0,11.9,11.6,14.1,0.754,164,318,0.516,57,171,0.333,0.4,1.9,28.2,So,3.47475,122.561,2.2,96.8,95.5726,28.8,4.33702,0.416045,1.0,3.2,4.2,1.7429,1.0,0.1143,17.2286,9.30909,3,0.85916397,0.6267,0.4192,102.343,3.33395,177.268,2.95488,3.11112,-0.156242,4.75307,12.8
13529,2012,dwight powell,93.4,20.7,45.7,51.0,7.6,23.1,8.4,24.5,0.705,72,144,0.5,1,17,0.059,3.8,2.7,48.4,So,0.662124,96.772,5.2,93.4,83.6211,17.5429,-1.83481,3.68878,1.1429,3.4571,4.6,0.7429,0.8,0.6,5.7714,1.62932,3,0.49058972,0.6949,0.3647,85.7868,2.55535,148.517,3.27145,-1.80407,5.07552,1.85397,46.86
13725,2010,ed davis,112.0,21.5,57.8,60.66,10.8,24.2,6.8,18.3,0.659,111,192,0.578,0,0,0.0,9.5,0.9,68.8,So,3.0751,117.694,2.6,98.2,87.8784,27.8696,3.62077,3.19261,2.8696,6.6957,9.5652,0.9565,0.4348,2.7826,13.4348,0.0,3,0.47825,0.84,0.4621,92.5656,3.71526,160.882,7.56537,1.89527,5.6701,6.81338,40.34
14524,2017,eric paschall,109.7,18.1,56.2,58.29,8.6,12.8,5.2,18.5,0.695,81,127,0.638,19,68,0.279,2.7,1.5,30.3,So,1.80773,111.805,4.7,58.2,92.2096,21.6944,0.285465,1.79199,1.3611,2.3889,3.75,0.6111,0.5278,0.5,7.2222,5.32355,3,0.51163768,0.7021,0.4412,97.4473,2.76456,136.084,4.17211,2.01628,2.15583,2.07745,23.29
15256,2013,frank kaminsky,122.4,21.3,51.0,56.15,7.3,12.6,17.6,8.4,0.767,29,53,0.547,14,45,0.311,5.2,2.8,43.9,So,1.57691,130.136,4.9,51.8,81.2694,10.2812,4.72018,6.2768,0.6562,1.0938,1.75,0.8125,0.4375,0.5312,4.1562,8.89446,3,2.88940265,0.6875,0.3333,86.7192,1.56787,65.7477,11.2662,5.57218,5.69402,10.997,33.47
15671,2016,gary clark,121.7,18.4,54.5,57.79,12.7,19.6,13.9,13.9,0.687,113,218,0.518,13,25,0.52,5.4,2.5,47.3,So,3.54274,122.436,3.0,82.2,87.6802,30.3636,4.26228,3.812,3.4242,5.3636,8.7879,2.1212,1.2424,1.4848,10.4242,1.52913,3,1.66669299,0.6598,0.405,89.9145,4.23672,221.04,9.66905,3.81398,5.85507,8.07428,13.8
15689,2014,gary harris,114.4,25.3,51.8,56.08,4.0,10.2,16.8,12.7,0.81,114,225,0.507,81,230,0.352,1.6,3.4,31.2,So,4.64387,130.168,2.6,96.4,92.577,32.3143,6.39277,2.94881,1.0571,2.9429,4.0,2.6857,1.8,0.4286,16.7429,12.2629,3,1.56664521,0.625,0.4016,98.3044,4.11667,208.288,8.43181,6.41981,2.012,9.34158,40.66
15894,2014,georges niang,106.1,27.6,52.6,54.79,3.7,11.9,23.6,16.1,0.721,174,321,0.542,48,147,0.327,2.0,1.1,22.2,So,3.37845,121.199,4.3,86.0,97.7048,30.1471,3.51554,0.929231,1.0,3.4706,4.4706,3.6176,0.6176,0.6176,16.6765,7.94659,3,1.49995858,0.6471,0.4412,104.089,3.28491,180.415,4.03873,3.26576,0.772969,4.44477,36.79
16070,2014,glenn robinson iii,113.7,21.2,53.2,56.59,6.0,11.5,7.6,11.6,0.757,149,265,0.562,33,108,0.306,1.0,1.9,30.8,So,3.82377,122.688,1.8,96.8,99.1859,32.2703,3.80246,0.633079,1.4595,2.973,4.4324,1.1892,0.9459,0.2973,13.0811,5.78926,3,0.95656378,0.7667,0.3904,104.582,3.39214,186.272,5.6466,4.52562,1.12098,4.43553,24.74
16121,2012,gorgui dieng,104.3,16.3,52.7,55.61,11.7,18.5,6.6,22.2,0.676,144,274,0.526,1,2,0.5,10.4,2.1,39.1,So,2.01259,103.605,4.0,91.6,79.3551,32.8,0.940436,5.93672,3.45,5.625,9.075,1.05,1.175,3.2,9.1,0.0903589,3,0.52499998,0.7339,0.3533,84.6546,5.28259,310.302,10.093,0.434521,9.6585,6.87716,36.98
16206,2018,grant williams,108.3,28.0,47.7,54.44,9.4,14.6,14.7,15.6,0.764,180,362,0.497,3,25,0.12,5.1,1.2,54.8,So,3.66301,124.714,4.6,62.0,91.4556,28.8,2.61454,2.49258,2.3143,3.7143,6.0286,1.8857,0.6,1.2571,15.1714,1.4749,3,0.8918791,0.6531,0.3907,97.4059,3.76987,187.946,6.09737,2.08808,4.00929,5.10712,36.95
16212,2016,grayson allen,124.9,25.9,55.4,61.56,2.1,11.6,19.4,12.3,0.837,149,297,0.502,90,216,0.417,0.3,2.1,49.1,So,6.62717,140.488,3.0,95.0,98.671,36.5833,7.49769,1.39261,0.6667,3.9167,4.5833,3.5278,1.3056,0.1389,21.6389,9.5483,3,1.76390004,0.6211,0.3603,106.354,3.81818,220.946,7.52834,7.31952,0.208814,8.8903,39.63
16316,2010,greg monroe,106.8,27.5,53.4,56.68,8.6,25.2,22.4,20.8,0.66,195,358,0.545,7,27,0.259,4.9,2.2,54.3,So,4.47139,123.362,3.0,98.6,86.8378,34.2353,4.54337,3.31865,2.1765,7.4706,9.6471,3.7647,1.2353,1.5294,16.1471,1.38046,3,1.14286144,0.6471,0.3235,93.1304,4.7123,266.081,8.07504,3.30906,4.76598,7.86202,41.64
16532,2012,harrison barnes,108.2,26.0,48.7,52.8,6.9,11.0,7.2,14.0,0.723,180,384,0.469,49,137,0.358,1.1,2.0,37.4,So,3.56749,120.981,2.4,100.0,90.076,29.2368,4.32657,1.6746,1.9474,3.2632,5.2105,1.1316,1.0789,0.3421,17.0526,6.72803,3,0.58108249,0.7333,0.3857,94.6442,3.66786,212.697,5.538,4.02998,1.50802,6.00117,36.84
16668,2010,henry sims,84.0,16.0,50.0,52.81,7.2,17.2,6.2,33.7,0.565,13,23,0.565,0,3,0.0,7.0,1.0,88.5,So,-0.0594076,83.173,5.5,94.2,92.0672,6.7143,-3.62133,2.64003,0.3571,1.0,1.3571,0.25,0.1071,0.4286,1.3929,0.951429,3,0.41179377,0.6923,0.4,98.1582,0.802346,35.8202,-0.044385,-3.02506,2.98068,-0.981295,24.77
16719,2011,hollis thompson,124.3,16.0,63.0,64.39,6.6,16.2,6.2,13.5,0.72,56,97,0.577,42,92,0.457,1.9,2.1,26.5,So,3.00312,123.631,3.7,89.4,93.7613,23.25,5.19834,1.84178,1.1562,3.2812,4.4375,0.7188,0.7812,0.4375,8.5625,7.62587,3,0.88467693,0.6154,0.5349,100.546,2.66531,135.234,6.3071,4.58794,1.71917,7.04012,21.15
16881,2011,ian clark,119.6,20.5,59.6,62.04,2.2,8.8,14.8,16.9,0.818,78,144,0.542,72,168,0.429,0.8,2.9,21.2,So,2.72804,118.448,3.5,36.8,94.0227,24.6,4.48637,1.95302,0.4571,1.8286,2.2857,1.8,1.2286,0.1714,12.1714,11.2002,3,1.21155007,0.6353,0.4068,91.5024,2.78886,158.805,5.30879,3.91719,1.3916,6.43938,19.62
17026,2010,iman shumpert,94.0,21.4,44.5,48.24,3.5,9.0,24.3,27.0,0.72,63,155,0.406,37,111,0.333,0.6,3.5,28.2,So,1.73453,102.029,3.1,95.6,87.57,30.6552,0.801949,2.76395,0.931,2.7241,3.6552,4.0,1.8966,0.1724,10.0345,7.03017,3,1.27473784,0.5862,0.299,94.1602,4.14162,175.644,4.66335,1.9912,2.67216,3.5659,43.29
17377,2010,isaiah thomas,108.7,26.0,48.8,53.99,2.1,11.9,19.5,16.1,0.732,121,249,0.486,65,199,0.327,0.3,1.9,47.5,So,3.85141,121.522,2.5,57.6,92.7601,31.1143,5.09193,1.31994,0.5714,3.3429,3.9143,3.1714,1.0571,0.0857,16.9429,10.0546,3,1.33735343,0.6348,0.3582,98.0477,3.63033,196.57,5.37921,4.60979,0.769427,6.41187,46.08
18282,2014,jakarr sampson,101.6,24.2,49.6,50.8,8.0,15.5,8.9,13.2,0.565,180,361,0.499,1,5,0.2,3.6,1.3,29.5,So,2.13386,109.916,3.8,92.6,94.9966,29.0,0.890922,0.846334,2.0606,4.0606,6.1212,1.1818,0.6364,0.9697,12.8485,0.307399,3,0.7499683,0.6667,0.3982,99.6889,3.42566,169.44,1.27807,-0.0463676,1.32444,1.73726,36.93
18376,2014,jake layman,109.7,18.1,49.8,52.92,4.6,13.1,6.0,11.8,0.719,64,145,0.441,61,167,0.365,2.9,2.0,28.5,So,2.64691,112.616,2.6,86.4,94.2576,31.75,2.74994,2.51604,1.2812,3.6875,4.9688,0.9375,1.0625,0.8438,11.7188,9.68436,3,0.81084584,0.6364,0.2206,98.9712,3.85775,185.87,5.68745,2.5392,3.14825,5.26598,23.55
18545,2017,jalen brunson,125.7,23.5,60.4,65.5,2.1,7.9,26.1,17.2,0.876,141,227,0.621,42,111,0.378,0.0,1.7,40.5,So,5.35828,137.426,2.1,95.8,95.1758,31.1111,5.70354,1.48663,0.4722,2.1111,2.5833,4.1111,0.8889,0.0,14.6667,6.0539,3,1.99995152,0.7323,0.48,100.582,3.64433,169.441,6.19516,5.97123,0.22393,7.19017,49.58
19496,2010,jamychal green,101.7,29.4,49.5,54.09,11.9,18.5,9.3,19.4,0.695,162,322,0.503,0,5,0.0,6.8,2.0,50.2,So,2.9825,117.557,4.6,97.4,89.8915,27.0,2.2648,1.72935,2.7742,4.3871,7.1613,1.0645,0.871,1.6774,14.129,0.360474,3,0.41771308,0.596,0.4211,94.4698,3.4303,175.499,4.28597,0.560749,3.72522,3.99415,31.78
19670,2012,jared sullinger,117.8,27.3,53.8,59.11,12.5,24.0,8.6,13.7,0.768,212,399,0.531,16,40,0.4,4.0,2.3,51.9,So,5.15664,134.663,3.9,99.4,79.3279,30.3514,7.08523,3.45719,3.1351,6.0541,9.1892,1.2432,1.1622,1.0541,17.4865,2.10795,3,0.64787114,0.6821,0.4159,85.165,4.95219,259.854,10.0557,5.46551,4.59023,10.5424,50.12
20749,2011,jeff withey,109.0,19.8,64.7,61.4,15.4,17.2,5.2,21.2,0.515,22,34,0.647,0,0,0.0,12.5,1.8,97.1,So,0.539919,111.234,6.7,94.6,82.9724,6.2308,0.100703,4.76035,0.7692,1.0,1.7692,0.1923,0.1923,0.7308,2.3462,0.0,3,0.41668475,0.625,0.7,86.8141,0.950334,39.9367,9.71848,1.90914,7.80934,4.86106,41.04
20853,2014,jerami grant,115.6,21.4,49.6,54.74,9.1,17.2,9.4,11.3,0.674,133,263,0.506,0,5,0.0,2.5,1.7,66.4,So,3.74525,122.944,3.0,90.6,92.424,31.4062,3.38554,1.83139,2.4375,4.3438,6.7812,1.375,0.8125,0.5625,12.0625,0.326018,3,1.18924056,0.6822,0.3333,97.8648,4.02905,166.665,4.63048,2.57061,2.05987,5.21693,35.63
21027,2012,jeremy lamb,115.4,22.2,55.6,58.95,3.0,11.1,10.1,15.0,0.81,146,243,0.601,71,211,0.336,1.7,2.1,26.7,So,4.89767,124.025,1.8,83.0,96.2073,37.2353,5.58128,1.55189,0.9412,3.9412,4.8824,1.7059,1.2353,0.6176,17.7353,10.2954,3,0.85294998,0.7882,0.5,101.528,3.85197,207.755,6.13466,5.05687,1.07779,7.13317,44.46
21118,2012,jerian grant,110.9,21.2,46.8,53.38,1.8,7.5,29.5,15.6,0.819,67,165,0.406,57,161,0.354,0.5,2.3,42.3,So,3.89113,117.103,1.9,78.0,97.0918,36.2353,3.49639,1.59878,0.5294,2.3235,2.8529,4.9706,1.2941,0.1765,12.2941,8.46803,3,2.68260567,0.5227,0.2727,101.214,3.62534,184.449,4.42374,4.13945,0.284283,5.09517,33.12
21407,2016,jevon carter,108.6,18.1,45.9,50.04,2.7,9.7,21.2,18.3,0.744,67,146,0.459,44,144,0.306,1.3,3.4,31.0,So,2.24382,111.419,3.5,40.4,88.6899,27.7143,2.22933,4.1302,0.7143,2.1429,2.8571,3.2571,1.6857,0.2857,9.5143,8.23569,3,1.96554232,0.5556,0.2982,94.4959,3.84502,188.712,6.56458,3.24126,3.32331,6.35953,32.8
21687,2012,joe harris,109.2,21.1,53.1,56.97,4.1,12.1,13.0,14.7,0.772,72,145,0.497,49,129,0.38,1.5,1.6,33.6,So,2.92388,113.636,2.8,73.8,88.0788,30.2812,3.56301,2.46983,0.9062,2.9688,3.875,1.7188,0.7188,0.375,11.3125,8.72908,3,1.19568692,0.5571,0.44,90.7005,4.0056,158.299,5.90135,3.14758,2.75377,6.03284,41.05
21978,2017,john collins,124.8,29.2,62.2,65.76,16.4,25.7,4.5,13.2,0.745,234,375,0.624,0,1,0.0,6.6,1.3,58.5,So,5.34367,145.671,4.5,63.2,97.0491,26.6061,9.03017,0.214696,3.7576,6.0606,9.8182,0.5152,0.6364,1.5758,19.1515,0.0631074,3,0.27871248,0.7534,0.443,103.87,2.94366,198.91,6.78591,5.72858,1.05733,9.24487,46.6
22076,2011,john henson,98.1,23.4,50.1,50.18,12.7,25.3,5.8,17.9,0.479,181,358,0.506,1,6,0.167,11.6,1.2,39.0,So,1.95458,107.406,2.6,99.2,79.6651,26.7297,2.6459,4.67848,3.2432,6.8649,10.1081,0.8108,0.5946,3.1892,11.7027,0.33098,3,0.39472275,0.7361,0.3505,85.5676,4.36888,277.396,8.32823,0.14168,8.18655,7.32438,31.87
22785,2012,jordan clarkson,106.6,27.0,49.1,54.92,4.2,9.6,18.9,18.0,0.784,124,269,0.461,43,115,0.374,1.7,1.7,44.5,So,3.72435,118.221,2.8,59.0,98.2903,33.9355,4.09154,0.330241,1.129,2.7419,3.871,2.5484,0.9355,0.5484,16.4839,6.74348,3,0.95181886,0.6055,0.3625,99.5635,3.21334,169.865,3.15136,3.26734,-0.11598,4.42178,44.77
22953,2016,jordan hill,98.0,12.3,47.7,48.41,3.5,7.4,10.1,20.7,0.667,16,36,0.444,17,51,0.333,0.2,1.2,6.9,So,0.153136,90.7672,3.8,29.6,98.5117,15.5667,-2.38154,1.2792,0.4667,0.9333,1.4,0.8,0.3,0.0333,2.9,6.82247,3,1.26322439,0.7273,0.32,104.244,1.63775,64.0019,0.415645,-0.664648,1.08029,-1.10234,31.26
23066,2016,jordan mclaughlin,112.6,21.0,55.1,57.88,1.7,10.2,25.6,19.3,0.738,106,213,0.498,56,132,0.424,0.4,2.8,29.9,So,3.4455,119.063,1.2,91.6,98.2773,32.3529,3.96535,1.77158,0.5,3.2647,3.7647,4.6765,1.6176,0.1471,13.4118,6.59203,3,1.96293644,0.6531,0.3684,102.486,3.39439,205.14,5.76842,4.52817,1.24025,5.73693,39.79
23125,2019,jordan poole,108.4,20.0,53.8,57.32,0.8,9.4,13.0,14.1,0.833,86,166,0.518,75,203,0.369,0.7,2.0,24.4,So,3.22261,115.578,2.4,81.6,88.1995,33.027,2.46928,3.61508,0.2162,2.7568,2.973,2.1622,1.0811,0.2162,12.7568,10.217,3,1.42860919,0.7079,0.2987,92.5991,4.72841,204.665,7.31086,3.85039,3.46047,6.08437,47.22
23668,2015,josh hart,125.3,18.7,62.2,63.57,9.0,12.1,11.6,13.6,0.67,72,129,0.558,52,112,0.464,1.7,2.7,40.2,So,3.6116,128.518,3.3,84.4,88.997,25.4722,6.63831,2.76788,1.8056,2.6667,4.4722,1.4722,1.1111,0.3889,10.1389,7.5079,3,1.39465704,0.7,0.3061,93.3926,3.37121,167.805,10.3898,7.28336,3.10639,9.40619,47.53
23803,2018,josh okogie,107.9,26.8,47.5,55.04,7.3,13.1,15.6,15.7,0.821,95,220,0.432,38,100,0.38,2.8,2.9,50.6,So,4.48367,123.506,3.2,63.8,95.767,36.375,5.20362,1.90724,2.25,4.0,6.25,2.4583,1.75,0.9583,18.2083,6.88648,3,0.9671874,0.5354,0.2903,100.756,4.22922,163.453,5.45468,3.60459,1.85009,7.11086,39.78
23836,2013,josh richardson,101.2,16.0,49.1,52.61,4.8,11.9,10.8,21.3,0.692,90,169,0.533,9,42,0.214,2.4,2.2,37.0,So,1.4916,99.4603,3.2,51.0,95.5386,30.697,0.775931,2.63265,1.2424,3.0909,4.3333,1.5455,1.0606,0.697,7.9091,2.59962,3,0.92728148,0.6176,0.4752,98.0097,3.18618,179.503,4.81439,1.70164,3.11275,3.40858,42.31
23880,2014,josh smith,74.5,14.9,35.2,37.57,6.2,18.3,3.5,23.9,0.5,19,54,0.352,0,0,0.0,2.2,0.4,33.3,So,-0.572087,71.4229,5.2,57.2,91.425,9.9667,-7.01798,1.0736,0.5,1.6,2.1,0.1667,0.0667,0.2,1.5667,0.0,3,0.31258206,0.4762,0.2727,95.4866,1.29614,49.8325,-4.77036,-6.13367,1.36332,-5.94439,36.73
24431,2014,justin anderson,100.9,22.9,47.0,51.58,4.2,14.1,14.9,18.4,0.716,66,134,0.493,30,102,0.294,4.2,1.1,40.3,So,1.58796,109.653,2.9,90.2,87.8731,21.5135,2.36992,3.19397,0.7027,2.5405,3.2432,1.4595,0.3514,0.7568,7.8378,8.42972,3,1.05883632,0.6441,0.3784,92.4161,3.11072,135.667,5.60824,1.57329,4.03494,5.56389,30.61
24598,2010,justin hamilton,120.4,14.5,61.7,64.27,13.9,13.4,2.9,17.8,0.7,74,120,0.617,0,0,0.0,4.8,0.7,58.3,So,2.10755,114.579,4.3,61.4,93.9418,21.3871,2.05068,2.02226,2.6774,2.7097,5.3871,0.3226,0.2581,1.0645,6.3548,0.0,3,0.33336778,0.6923,0.5588,100.782,2.37825,121.196,5.18199,2.59318,2.58881,4.07293,28.01
24629,2018,justin jackson,91.3,24.2,41.6,47.05,11.1,21.1,12.6,24.5,0.828,27,61,0.443,10,40,0.25,3.0,1.7,28.7,So,1.0433,98.1542,1.9,83.8,95.4628,29.3636,0.207988,1.13622,2.4545,5.6364,8.0909,1.9091,0.8182,0.8182,9.8182,7.44271,3,0.65625108,0.5135,0.3636,96.6583,3.4239,68.625,2.36442,-0.419034,2.78346,1.34421,20.83
24632,2016,justin jackson,119.0,20.4,50.8,52.75,7.2,7.9,16.3,10.6,0.667,159,296,0.537,35,120,0.292,1.6,1.3,23.1,So,3.70958,125.596,2.4,98.4,98.0059,28.375,5.44043,1.10563,1.775,2.125,3.9,2.775,0.625,0.425,12.175,6.02863,3,2.58139532,0.6711,0.4041,105.018,3.04754,174.176,7.21066,6.01219,1.19846,6.54606,20.83
24636,2012,justin jackson,96.6,16.9,52.0,52.55,10.1,12.6,9.7,25.9,0.523,77,141,0.546,0,7,0.0,8.2,2.6,43.9,So,0.769453,96.3615,5.9,68.8,88.8726,21.0811,-2.20804,4.55853,1.9459,2.2703,4.2162,1.0541,0.8919,1.6486,5.0811,0.556863,3,0.70911538,0.6091,0.3226,91.8662,2.70487,157.479,6.74787,-0.254808,7.00268,2.35049,20.83
25454,2011,kawhi leonard,108.7,27.7,46.3,50.78,11.4,25.9,16.4,15.1,0.759,175,371,0.472,23,81,0.284,1.9,2.8,32.1,So,4.17759,123.012,3.1,88.8,81.558,33.0,5.00299,3.27279,3.1765,7.5294,10.7059,2.5588,1.4706,0.5882,15.5588,4.51629,3,1.15998007,0.7959,0.3566,85.3916,5.15728,263.03,8.2352,3.75988,4.47532,8.27578,91.64
25623,2016,keita bates diop,109.4,18.7,51.1,54.91,5.2,16.5,7.2,13.5,0.787,105,200,0.525,36,111,0.324,4.3,1.4,28.6,So,2.52077,111.233,2.3,94.4,94.5038,31.5152,2.71356,2.10802,1.4545,4.9091,6.3636,1.0909,0.7273,1.2424,11.7576,6.25346,3,0.80001462,0.7174,0.3611,98.079,3.72544,203.288,4.71681,1.67119,3.04562,4.82157,33.11
25833,2010,kemba walker,106.2,23.7,45.4,52.54,3.1,9.5,29.2,20.2,0.767,114,265,0.43,38,112,0.339,1.2,3.4,53.6,So,3.80355,116.858,2.0,97.8,91.2576,35.2059,3.36942,2.77856,0.9412,3.3235,4.2647,5.0588,2.0588,0.4412,14.6176,5.41972,3,1.73734473,0.5804,0.3165,97.6606,4.30595,225.079,5.87157,3.95604,1.91554,6.14797,63.31
26115,2010,kent bazemore,99.5,21.0,50.4,50.55,4.7,13.5,24.5,23.0,0.486,111,217,0.512,9,30,0.3,2.1,4.4,44.9,So,1.48845,101.814,3.6,21.6,84.262,26.75,0.825497,5.63023,1.1111,3.0556,4.1667,3.3611,1.8611,0.4722,8.4167,1.96027,3,1.63509441,0.6944,0.3303,86.69,3.90751,206.619,6.87362,1.49319,5.38043,6.45573,39.84
26119,2013,kentavious caldwell pope,112.7,27.2,53.0,57.91,4.3,19.7,16.8,13.8,0.799,102,205,0.498,84,225,0.373,1.9,3.8,39.3,So,4.93099,127.771,2.6,97.8,87.0285,33.9375,8.44938,3.88088,1.1562,5.9062,7.0625,1.8125,2.0312,0.5312,18.4688,13.215,3,0.90625,0.6702,0.3482,89.8474,4.50765,245.772,10.4573,7.10835,3.34899,12.3303,44.9
26386,2018,kevin huerter,116.3,21.5,61.1,63.6,3.9,13.1,20.0,20.4,0.763,87,145,0.6,70,169,0.414,2.1,1.1,30.9,So,4.34565,124.433,2.8,87.2,97.7407,34.3438,5.57339,1.52889,0.9688,4.0625,5.0312,3.375,0.625,0.6562,14.75,9.52558,3,1.35,0.7105,0.4776,102.028,3.76114,183.882,7.2145,5.37478,1.83972,7.10227,46.01
26726,2013,khem birch,109.9,17.0,56.3,59.06,12.0,16.3,5.3,18.6,0.642,67,119,0.563,0,0,0.0,12.0,1.8,68.1,So,1.78585,108.916,3.7,97.4,82.3431,21.8462,2.02006,5.2956,2.3077,3.4231,5.7308,0.5769,0.6923,2.6154,7.1538,0.0,3,0.48385475,0.7059,0.3725,86.5249,3.28637,137.393,9.21504,0.686356,8.52869,7.31565,33.04
26737,2011,khris middleton,107.6,27.5,50.9,56.1,8.1,13.4,23.6,21.0,0.779,117,240,0.487,38,102,0.373,0.2,2.4,42.4,So,3.60291,121.486,2.8,79.8,92.3172,29.9375,5.84468,1.86073,1.9375,3.3125,5.25,2.8125,1.1562,0.0625,14.4062,6.68936,3,1.02272727,0.6087,0.4082,95.4313,3.54006,170.441,6.67313,4.3717,2.30143,7.70541,57.49
26967,2010,klay thompson,102.3,29.2,48.7,53.73,4.0,13.3,15.0,19.8,0.801,118,263,0.449,73,204,0.358,2.2,2.4,34.5,So,3.82694,117.516,2.7,91.8,100.12,35.2667,3.88801,-0.18377,1.1667,3.9,5.0667,2.2,1.4,0.7,19.4667,11.4471,3,0.64078293,0.6118,0.3593,103.367,3.17592,192.948,2.79355,2.55868,0.234873,3.70424,56.43
27161,2015,kris dunn,103.1,30.0,50.9,54.59,2.9,16.1,50.0,24.8,0.686,158,313,0.505,27,77,0.351,1.1,4.9,44.1,So,4.03776,121.826,3.6,97.0,87.351,34.0303,4.81497,4.76617,0.8485,4.6061,5.4545,7.4848,2.7273,0.303,15.6061,4.15246,3,1.78985127,0.5808,0.4178,93.2564,4.69394,250.596,10.7218,6.00374,4.71809,9.58114,40.8
27317,2014,kyle anderson,110.6,26.0,51.7,56.62,4.5,25.5,34.3,20.2,0.737,153,319,0.48,28,58,0.483,2.7,3.1,49.3,So,4.05962,123.524,2.0,99.6,90.2755,33.2222,6.03776,3.96129,1.25,7.5,8.75,6.4722,1.7778,0.75,14.6389,2.7613,3,2.11814376,0.6364,0.4236,94.3457,4.543,282.93,9.78061,4.28947,5.49115,9.99905,44.06
27447,2016,kyle kuzma,103.2,24.6,54.6,55.82,9.6,17.7,12.2,19.6,0.598,135,234,0.577,13,49,0.265,1.8,0.8,36.0,So,2.17031,114.135,3.4,62.8,97.4475,24.2,1.30433,0.205394,1.8,3.9714,5.7714,1.4286,0.3429,0.4571,10.5714,3.42129,3,0.72466264,0.6964,0.2769,102.368,2.60876,150.789,2.34028,1.28792,1.05235,1.50972,26.59
27819,2020,lance thomas,97.0,15.9,48.3,50.22,6.3,11.2,4.7,17.1,0.682,28,55,0.509,19,62,0.306,7.6,1.6,18.8,So,0.468504,94.6993,5.8,76.2,86.3786,14.5517,-0.98934,3.74559,0.7931,1.6897,2.4828,0.3448,0.4138,1.069,4.4138,8.00925,3,0.47617732,0.5588,0.4286,88.7349,2.0507,89.7341,4.05975,-0.811293,4.87104,2.75625,18.86
27851,2018,landry shamet,127.5,21.0,62.2,65.54,1.6,9.7,28.8,17.9,0.825,70,125,0.56,84,190,0.442,0.7,1.3,32.7,So,5.01824,133.749,2.4,70.6,102.035,31.7188,7.29565,0.3634,0.4375,2.7812,3.2188,5.1875,0.7188,0.1875,14.9062,10.695,3,2.47755269,0.6623,0.3878,104.926,2.99378,169.509,6.47206,7.53766,-1.06559,7.65905,36.28
27862,2012,langston galloway,125.2,18.8,60.9,63.16,3.6,10.2,13.0,10.8,0.785,92,180,0.511,90,193,0.466,1.6,1.7,24.9,So,4.95025,126.355,3.0,66.4,99.322,35.7353,5.46516,0.796362,1.0,3.5,4.5,2.2353,1.0294,0.5882,15.5,9.57148,3,1.85363641,0.6818,0.4123,103.142,3.29084,197.439,6.56982,6.44762,0.122205,6.26152,37.46
28790,2010,luke babbitt,120.4,26.0,54.0,61.23,6.5,19.1,10.9,13.9,0.92,203,393,0.517,42,100,0.42,1.9,1.5,43.0,So,5.74256,130.134,2.7,96.6,99.6456,37.5455,6.51045,0.568331,2.0606,6.8182,8.8788,2.1212,1.0,0.7879,22.0303,4.58286,3,0.88608553,0.6261,0.4712,103.76,3.47298,246.614,4.8202,4.59114,0.229052,7.07878,29.5
28837,2017,luke kennard,127.3,23.0,57.9,62.91,3.9,12.1,13.6,11.2,0.856,149,284,0.525,88,201,0.438,0.9,1.4,38.6,So,6.41199,139.823,2.5,96.0,96.1443,35.5135,8.06344,1.33362,1.1622,3.9189,5.0811,2.4595,0.8378,0.3514,19.5135,8.7589,3,1.54239316,0.6322,0.4747,103.155,4.04067,215.166,8.02895,7.36515,0.6638,9.39706,33.57
29137,2014,malcolm brogdon,114.1,22.8,47.4,54.47,3.6,17.3,19.4,13.1,0.875,106,244,0.434,44,119,0.37,0.5,2.5,39.7,So,3.87694,123.975,2.4,80.6,85.6908,31.4324,4.38505,4.30077,0.8919,4.5405,5.4324,2.7297,1.1892,0.1351,12.7027,6.7323,3,1.90568285,0.5841,0.3053,90.121,4.78215,216.707,9.0741,4.90981,4.16429,8.68582,54.39
29772,2010,marcus morris,121.3,22.6,59.0,61.0,12.8,14.0,8.1,13.6,0.66,162,273,0.593,12,32,0.375,1.3,2.2,49.2,So,3.84172,130.867,4.2,77.6,87.3953,24.6944,5.88628,1.73189,2.6667,3.4444,6.1111,1.0278,0.9444,0.3333,12.75,2.04563,3,0.77086925,0.7143,0.4524,93.09,3.32817,171.08,7.92823,6.38933,1.5389,7.61817,39.72
29823,2014,marcus smart,110.4,29.9,48.6,55.18,5.1,14.9,30.1,15.4,0.728,114,222,0.514,49,164,0.299,1.9,5.0,64.8,So,4.50623,128.811,3.6,98.2,87.4668,32.7097,5.92469,5.00823,1.4194,4.4839,5.9032,4.7742,2.871,0.5806,17.9677,9.21149,3,1.80485405,0.7091,0.3186,91.3572,4.69701,246.092,11.9444,7.06262,4.88179,10.9329,57.53
29840,2013,marcus thornton,107.4,27.5,55.5,59.75,1.4,7.4,18.6,19.3,0.824,86,193,0.446,90,205,0.439,1.5,1.5,32.9,So,3.85704,116.412,1.7,19.2,111.725,36.5862,5.04024,-3.00179,0.3793,2.3793,2.7586,2.7931,0.8621,0.5172,18.9655,12.2256,3,0.91010105,0.52,0.3723,109.103,1.75473,149.647,-0.313477,3.28646,-3.59993,2.03844,33.81
29841,2012,marcus thornton,73.7,14.9,29.5,33.58,7.9,18.0,7.2,23.2,0.556,25,88,0.284,4,17,0.235,2.7,1.2,34.3,So,-1.07666,71.6558,5.2,76.0,95.8407,22.2963,-5.28764,0.838517,1.5556,3.2222,4.7778,0.7778,0.4074,0.4815,3.037,1.83855,3,0.65626058,0.3889,0.2115,100.908,2.33869,100.923,-2.16779,-4.39502,2.22724,-4.44912,33.81
30108,2010,markieff morris,111.0,20.1,59.9,61.19,11.9,20.3,10.7,22.8,0.622,76,133,0.571,10,19,0.526,5.5,1.5,64.5,So,1.83523,116.106,5.8,76.6,83.6077,17.5278,2.73937,3.49423,1.75,3.5556,5.3056,1.0833,0.4444,0.9722,6.75,1.7116,3,0.76466435,0.7059,0.3333,89.0556,2.59106,141.546,8.13544,3.54238,4.59307,6.23359,31.89
30560,2011,mason plumlee,103.7,17.2,59.3,56.82,11.2,23.8,10.5,24.7,0.441,112,187,0.599,0,2,0.0,5.8,2.0,49.2,So,1.65048,104.806,4.0,94.8,80.9889,25.6486,2.23207,4.80505,2.4595,5.8919,8.3514,1.5676,0.8919,1.6757,7.1622,0.119641,3,0.81692636,0.748,0.3125,85.1714,4.08853,243.473,8.83795,1.79522,7.04274,7.03711,36.05
30631,2017,matisse thybulle,106.7,16.9,55.0,57.47,2.9,8.7,10.3,22.2,0.841,64,130,0.492,53,131,0.405,2.2,3.9,16.9,So,1.73075,104.538,3.9,79.4,103.28,29.9032,0.604559,2.26331,0.8065,2.2903,3.0968,1.7742,2.0968,0.7097,10.4516,7.78629,3,0.87300102,0.5625,0.4512,108.554,2.65125,185.235,3.42564,1.55087,1.87478,2.86787,50.71
31076,2011,matthew dellavedova,116.9,21.5,52.0,57.36,3.8,8.4,26.0,18.9,0.87,71,154,0.461,66,173,0.382,0.1,2.2,33.0,So,4.24956,120.383,2.3,21.0,101.083,36.0312,4.63999,0.076326,1.0938,2.5,3.5938,5.3125,1.3125,0.0312,13.5625,9.03053,3,2.17948718,0.5738,0.3871,103.035,3.21861,178.628,4.8658,5.23949,-0.373684,4.71631,34.33
31469,2012,meyers leonard,112.5,22.0,58.6,61.77,9.1,23.5,9.9,18.7,0.732,169,280,0.604,1,11,0.091,6.9,0.9,43.6,So,3.62588,118.932,3.7,94.2,88.2181,31.8125,3.03494,3.23251,2.2812,5.9062,8.1875,1.3438,0.4688,1.875,13.5625,0.667608,3,0.63237645,0.7569,0.4412,94.6348,4.16046,210.3,6.54568,1.57784,4.96784,6.26746,29.69
31574,2013,michael carter williams,102.6,24.4,43.8,49.13,4.0,11.1,40.2,24.1,0.694,120,274,0.438,35,120,0.292,1.7,4.8,47.2,So,3.57977,114.736,2.6,95.0,82.318,35.2,3.95766,4.86349,1.275,3.6,4.875,7.3,2.775,0.475,11.85,5.16731,3,2.14705882,0.589,0.2698,86.8313,5.29067,299.662,9.12808,4.84479,4.28329,8.82116,45.4
31978,2017,mikal bridges,128.5,15.5,64.4,67.6,5.3,13.4,12.0,16.9,0.911,84,121,0.694,44,112,0.393,3.5,3.4,24.0,So,3.95743,126.055,3.1,84.0,87.6812,29.8056,5.11735,5.08231,1.1389,3.4167,4.5556,1.9722,1.6667,0.8889,9.75,6.37902,3,1.5434341,0.8,0.3871,92.6618,4.26652,224.568,11.7068,5.8698,5.83704,10.1997,57.48
32200,2011,mike muscala,110.6,27.4,52.2,58.0,7.7,22.3,12.2,13.6,0.816,183,351,0.521,4,11,0.364,8.1,0.9,43.6,So,3.04878,118.023,3.8,9.2,91.451,27.7647,3.23992,2.53424,1.6765,5.6176,7.2941,1.3824,0.4118,1.9706,14.9118,0.703706,3,0.81036407,0.6897,0.401,91.0505,3.40537,213.395,5.41271,0.593159,4.81956,5.77416,37.58
32392,2018,miles bridges,116.2,25.0,53.6,57.26,5.2,18.1,16.6,14.7,0.845,138,262,0.527,71,194,0.366,2.5,1.2,24.1,So,4.37194,128.094,2.0,97.8,90.6491,31.3824,5.75657,1.85941,1.2647,5.7059,6.9706,2.6471,0.6176,0.7647,17.1176,10.6639,3,1.34329644,0.6563,0.3942,94.6045,4.20958,212.43,7.37899,4.75891,2.62008,7.61598,46.58
32429,2010,miles plumlee,107.6,17.0,56.4,58.51,11.1,22.2,3.4,23.1,0.661,82,147,0.558,1,1,1.0,3.8,1.8,39.9,So,1.36327,109.606,6.3,89.8,81.8136,16.45,-0.0326636,3.26982,1.625,3.3,4.925,0.3,0.5,0.65,5.15,0.0914241,3,0.27906977,0.7195,0.3538,86.6352,2.55104,150.267,4.74858,0.764148,3.98444,3.23715,28.89
32714,2014,montrezl harrell,117.8,21.9,61.2,59.16,12.1,19.7,8.2,12.8,0.464,221,363,0.609,2,3,0.667,4.8,2.0,41.8,So,3.63237,124.039,3.3,84.0,84.4361,29.2973,5.04803,3.07548,3.2432,5.1622,8.4054,1.2162,1.027,1.3243,14.027,0.158204,3,0.84906451,0.7554,0.3516,86.5667,4.59993,236.658,8.40936,3.23685,5.17251,8.1235,55.19
32744,2017,moritz wagner,117.3,24.0,63.5,65.36,7.6,15.2,4.7,15.6,0.726,123,186,0.661,45,114,0.395,1.6,2.7,35.3,So,3.44307,129.727,4.5,76.4,94.912,23.8947,4.88602,1.43868,1.3421,2.8158,4.1579,0.5263,1.0263,0.3684,12.0526,7.90296,3,0.37034692,0.7667,0.4697,100.66,2.79332,168.799,5.98291,4.93222,1.05069,6.3247,33.26
33810,2019,nickeil alexander walker,109.8,26.4,54.6,58.59,1.8,13.1,24.6,19.6,0.778,132,246,0.537,58,155,0.374,2.3,3.4,35.9,So,4.35834,124.321,2.7,92.2,89.4234,34.3235,4.23851,3.69853,0.4706,3.6176,4.0882,3.9706,1.8824,0.5294,16.1765,8.2774,3,1.39177674,0.6067,0.4271,93.6096,4.73346,237.568,7.45115,3.8025,3.64865,7.93704,26.32
33915,2014,nik stauskas,124.1,23.9,58.6,64.17,1.6,8.8,18.8,14.0,0.824,93,186,0.5,92,208,0.442,0.9,1.0,51.8,So,6.20589,138.919,1.5,78.2,101.814,35.5833,8.06205,0.355509,0.4167,2.5,2.9167,3.2778,0.5556,0.3056,17.5,10.3848,3,1.76121657,0.6092,0.404,107.646,3.41738,171.682,7.59555,7.78089,-0.185343,8.41756,21.33
33969,2010,nikola vucevic,107.2,19.8,52.0,55.27,12.1,23.2,8.9,18.8,0.718,118,214,0.551,8,36,0.222,4.5,1.2,34.0,So,2.71652,110.187,3.4,44.0,82.5209,32.2667,2.62844,3.7254,3.1333,6.3,9.4333,1.2,0.6,1.3,10.7,2.34214,3,0.63157898,0.7128,0.4474,86.6694,4.88396,201.056,7.4177,1.63169,5.78601,6.35383,47.37
34168,2013,norman powell,96.1,14.5,50.8,52.74,0.6,9.8,8.3,19.5,0.675,52,90,0.578,27,92,0.293,2.2,1.9,22.0,So,0.599056,93.1733,3.5,89.6,96.3437,22.0857,-0.890556,1.47292,0.1143,2.0571,2.1714,1.0571,0.7143,0.5143,6.0571,6.83733,3,0.97365757,0.6897,0.375,100.571,2.2335,133.078,2.59829,0.499896,2.09839,0.582363,33.45
34277,2017,og anunoby,115.6,20.5,61.5,61.12,8.5,16.1,11.0,18.0,0.563,54,77,0.701,14,45,0.311,5.5,3.0,39.3,So,2.65134,118.678,3.3,41.4,95.1539,25.125,4.83015,3.0147,1.75,3.6875,5.4375,1.4375,1.3125,1.3125,11.0625,6.38437,3,0.88461538,0.7778,0.3571,98.5464,2.89972,88.5137,8.72022,4.65725,4.06298,7.84486,51.4
34722,2013,pat connaughton,118.6,14.0,56.3,57.88,2.8,14.3,12.8,12.7,0.708,51,91,0.56,58,154,0.377,1.1,0.9,19.6,So,3.12815,114.144,1.9,80.8,97.364,32.0857,3.7499,1.5188,0.7143,3.9714,4.6857,2.1429,0.4571,0.3429,8.8571,8.81984,3,2.41944227,0.7143,0.2222,101.518,3.08928,172.682,6.14174,4.25527,1.88646,5.2687,42.13
34816,2016,patrick mccaw,112.6,20.3,54.6,57.93,3.4,12.7,23.0,16.3,0.769,92,163,0.564,62,176,0.352,1.2,3.8,30.7,So,3.12744,114.942,2.6,60.6,94.5414,34.1613,3.93913,3.46679,1.0968,4.0968,5.1935,3.871,2.4194,0.4194,14.5161,8.98017,3,1.84614646,0.6635,0.3898,96.4163,3.98331,233.53,7.26551,4.22015,3.04537,7.40592,23.07
34914,2010,paul george,105.6,27.3,51.0,57.22,6.8,18.6,22.6,20.8,0.902,92,188,0.489,58,163,0.356,3.0,3.9,34.8,So,3.43996,115.602,3.5,61.6,92.7156,33.1786,4.41774,2.32799,1.9286,5.2857,7.2143,3.0714,2.1429,0.8571,16.7143,10.3973,3,0.96627442,0.6604,0.2683,94.6435,3.89014,210.186,6.68486,3.41633,3.26852,6.74572,72.92
35081,2012,perry jones iii,110.6,22.6,51.0,53.61,10.8,18.6,8.8,14.4,0.696,169,328,0.515,10,33,0.303,2.1,1.7,28.3,So,3.68928,120.236,3.1,98.8,90.4005,30.9062,3.49204,0.758121,2.6875,5.0312,7.7188,1.2812,0.875,0.5938,13.7188,1.98934,3,0.75922966,0.697,0.3929,96.8961,3.84024,188.837,4.93194,3.43733,1.4946,4.25016,21.52
35390,2019,pj washington,116.1,25.4,56.7,59.19,10.2,19.9,13.1,15.8,0.663,157,286,0.549,33,78,0.423,4.8,1.7,48.9,So,4.36954,130.806,3.4,97.2,86.8161,29.2571,6.29404,3.70956,2.3429,5.2286,7.5714,1.8,0.8571,1.2286,15.1714,4.53879,3,0.91305668,0.6569,0.4497,92.7403,4.29843,220.01,10.1556,5.26992,4.88566,10.0036,42.24
35595,2010,quincy acy,124.4,16.5,69.1,70.35,9.5,14.4,2.4,19.3,0.721,130,188,0.691,0,0,0.0,3.4,1.2,45.7,So,3.09071,123.919,4.0,60.8,93.2629,23.4857,4.16268,1.28903,1.7714,3.3143,5.0857,0.2857,0.4571,0.7714,9.2,0.0,3,0.22726911,0.7967,0.4923,99.0395,2.68985,146.535,5.29881,4.35961,0.939201,5.45171,31.31
35640,2013,quinn cook,109.1,21.1,49.2,52.93,1.9,11.0,29.0,18.1,0.877,96,223,0.43,55,140,0.393,0.4,2.5,20.1,So,3.59508,116.12,3.2,93.6,90.278,33.5556,3.41933,2.25417,0.5278,3.3056,3.8333,5.2778,1.4167,0.1389,11.6944,6.77299,3,2.40512209,0.61,0.2846,96.5792,4.14818,218.893,6.78644,4.73838,2.04806,5.6735,14.57
36160,2012,ray mccallum,110.0,24.4,49.1,54.58,3.7,12.8,25.6,16.6,0.763,149,276,0.54,30,119,0.252,0.7,2.6,44.8,So,3.75213,117.538,2.5,95.0,102.307,34.0882,4.51943,0.375011,1.0588,3.5,4.5588,3.9118,1.5,0.2059,15.3824,6.1155,3,1.68358082,0.6768,0.3393,101.972,2.8334,203.175,3.79616,4.2804,-0.484236,4.89444,26.46
36314,2012,reggie bullock,118.0,14.9,55.0,55.75,6.8,13.3,8.8,14.4,0.727,53,104,0.51,71,186,0.382,0.8,1.4,7.6,So,2.46681,113.787,1.9,97.2,90.6043,25.3947,4.24856,2.30126,1.6579,3.4211,5.0789,1.3684,0.6579,0.2105,8.8158,10.5197,3,1.36839998,0.5833,0.4706,95.1993,3.13945,180.368,8.31523,5.49046,2.82477,6.54981,36.92
36343,2010,reggie jackson,106.7,26.2,47.8,51.57,7.5,14.7,30.5,20.0,0.733,113,227,0.498,32,110,0.291,1.5,1.2,31.2,So,3.66328,120.762,2.7,82.4,97.8,30.129,5.21254,0.666129,1.9032,3.7742,5.6774,4.4839,0.6129,0.4516,12.871,7.18687,3,1.73754167,0.6,0.3832,101.051,3.00102,157.694,6.3706,5.19255,1.17805,5.87867,43.82
37074,2010,robert sacre,101.2,22.2,52.2,55.93,9.1,14.8,4.6,20.2,0.629,116,224,0.518,1,1,1.0,7.8,1.6,75.6,So,1.72304,105.428,4.7,65.2,90.8069,25.4848,-0.0525228,2.53214,1.8788,3.5455,5.4242,0.6061,0.697,1.9394,10.3636,0.0679069,3,0.30305001,0.7386,0.3723,94.2778,3.12138,181.333,3.79492,-0.544877,4.3398,2.47962,21.93
37226,2014,rodney hood,119.8,22.3,55.0,59.02,2.9,11.7,13.2,12.8,0.807,120,243,0.494,71,169,0.42,0.8,1.3,32.8,So,4.75453,130.16,3.2,94.4,100.347,32.8571,6.11765,0.524428,0.8286,3.1143,3.9429,2.1429,0.7143,0.2571,16.0571,8.91425,3,1.38887811,0.6351,0.4345,105.837,3.33286,164.685,6.3778,5.83042,0.547379,6.64208,29.99
37240,2011,rodney mcgruder,117.8,16.5,55.1,56.97,7.4,15.4,10.4,16.3,0.701,58,122,0.475,66,163,0.405,0.7,1.3,23.5,So,3.22425,116.531,2.4,79.0,93.1356,30.697,4.94318,1.43566,2.0,3.9394,5.9394,1.5758,0.697,0.2121,10.9394,9.33175,3,1.10644564,0.6111,0.4186,98.2677,3.59941,178.648,7.08564,4.96892,2.11672,6.37884,23.78
37440,2015,rondae hollis jefferson,113.8,20.9,51.3,57.33,9.0,20.1,10.1,15.5,0.707,132,246,0.537,6,29,0.207,3.4,2.4,74.5,So,3.20009,119.63,3.4,97.2,82.7697,28.6842,3.86244,4.38219,2.0263,4.8158,6.8421,1.5526,1.1579,0.8421,11.2368,1.58521,3,1.0,0.7165,0.3445,86.8974,4.42793,234.584,9.57925,3.75175,5.82751,8.24463,43.95
37612,2018,rui hachimura,120.2,23.9,57.7,62.45,7.4,18.0,5.5,13.7,0.795,154,254,0.606,5,26,0.192,2.7,1.4,47.1,So,2.7934,127.208,3.8,70.6,93.5567,20.7027,3.89813,1.95802,1.2703,3.4324,4.7027,0.6216,0.5135,0.5135,11.5676,1.93922,3,0.5227043,0.6805,0.4588,95.5324,2.54398,154.204,2.94623,1.66526,1.28097,5.85615,20.03
37670,2013,ryan anderson,102.7,28.6,48.0,51.17,10.8,20.6,12.8,13.4,0.621,179,368,0.486,3,14,0.214,1.7,1.3,46.3,So,3.60832,118.254,2.1,73.4,99.5109,31.625,3.14111,-1.38092,2.6562,5.3125,7.9688,1.5625,0.6562,0.5,14.9062,0.867401,3,0.80645161,0.6443,0.3121,104.178,2.88506,180.707,0.74646,1.25021,-0.503755,1.76019,46.01
37808,2011,ryan kelly,120.1,14.9,57.6,60.2,6.6,13.4,7.3,15.3,0.805,73,115,0.635,22,69,0.319,6.1,1.9,22.3,So,2.16046,117.266,4.1,97.0,85.8437,20.0811,3.72964,4.60698,1.1351,2.5946,3.7297,0.8378,0.6757,1.3784,6.6216,5.27053,3,1.03330046,0.8246,0.4483,90.2769,2.86274,159.306,9.51621,3.84658,5.66962,8.33662,24.76
38110,2014,sam dekker,114.7,22.4,52.8,55.78,7.3,17.5,10.0,10.2,0.686,126,229,0.55,42,129,0.326,1.9,1.6,38.3,So,3.89296,126.027,1.8,97.8,94.1246,29.8421,5.41182,1.77191,1.7105,4.3684,6.0789,1.3684,0.7632,0.5789,12.4211,7.20685,3,1.26832886,0.66,0.3462,99.6187,3.67013,200.736,7.0007,4.79227,2.20843,7.18373,23.15
38606,2012,sean kilpatrick,115.2,20.4,53.5,55.72,4.5,10.7,13.0,13.3,0.75,93,187,0.497,92,245,0.376,1.0,2.4,20.4,So,4.17038,120.994,1.5,32.0,94.1126,34.5135,5.89626,1.88939,1.4054,3.1622,4.5676,2.1081,1.3243,0.3243,14.2703,11.9094,3,1.3928642,0.5714,0.4024,97.2827,3.80917,206.953,6.96628,5.26265,1.70363,7.78565,8.65
38607,2011,sean kilpatrick,113.2,24.1,52.5,55.8,6.9,11.9,16.2,15.5,0.722,68,139,0.489,46,122,0.377,0.3,2.4,34.5,So,2.58393,122.589,2.5,32.0,91.4846,20.5714,5.67783,1.56558,1.2,1.9714,3.1714,1.4857,0.7714,0.0571,9.6857,10.604,3,1.20926256,0.6375,0.2881,95.419,2.52098,119.069,5.96487,4.82449,1.14039,7.24341,8.65
38763,2011,seth curry,122.9,15.9,55.6,59.6,1.8,6.0,13.5,13.5,0.788,37,92,0.402,64,147,0.435,0.5,3.2,35.6,So,3.08462,121.858,2.7,41.8,89.643,24.973,4.1863,4.09074,0.3784,1.4324,1.8108,2.0,1.4054,0.1351,9.0,9.03321,3,2.11438836,0.5714,0.3718,94.2724,3.23089,167.636,8.14067,5.65594,2.48472,8.27704,39.62
38813,2012,shabazz napier,107.4,23.6,47.3,52.46,2.3,8.5,32.6,20.7,0.743,77,184,0.418,59,166,0.355,0.8,2.9,42.3,So,3.80211,117.325,2.9,83.8,96.1535,35.0294,3.35053,1.33222,0.6765,2.8529,3.5294,5.8235,1.6471,0.2647,12.9706,8.61408,3,2.10637693,0.5714,0.29,101.471,3.63024,195.93,5.42218,4.83618,0.586005,4.68274,43.45
38828,2017,shake milton,121.0,19.3,55.5,58.15,1.5,11.7,24.2,16.3,0.758,70,154,0.455,82,194,0.423,1.2,2.2,26.1,So,4.46704,124.186,1.7,82.2,93.7433,35.3714,4.58212,2.73145,0.4286,3.6857,4.1143,4.5429,1.2571,0.3143,13.0,9.81115,3,2.56458177,0.5741,0.3918,95.5281,4.31919,220.671,7.04664,5.2077,1.83894,7.31357,29.83
38899,2013,shane larkin,117.2,21.8,56.9,59.97,1.6,10.4,26.1,17.9,0.777,114,212,0.538,69,170,0.406,0.3,3.4,29.3,So,4.92257,124.335,1.8,76.8,89.0169,36.4167,5.09768,3.44479,0.4722,3.3611,3.8333,4.5556,1.9722,0.1111,14.5,8.09055,3,2.0,0.5877,0.4796,94.4082,4.64512,239.198,9.1676,6.45891,2.70868,8.54247,32.43
39235,2010,shelvin mack,109.0,24.9,53.9,56.45,2.2,13.0,25.1,16.9,0.734,120,239,0.502,72,184,0.391,0.5,2.8,25.8,So,3.57458,119.205,2.4,41.4,88.2029,30.8684,4.76097,3.13265,0.5263,3.2105,3.7368,3.0263,1.3684,0.1316,14.1053,9.78418,3,1.45572168,0.6262,0.3984,92.5344,4.08919,214.017,7.45849,4.31592,3.14258,7.89362,32.68
39472,2011,solomon hill,110.6,18.4,52.6,57.93,8.7,14.3,13.2,21.8,0.78,87,166,0.524,17,48,0.354,0.7,2.0,46.7,So,2.24738,112.317,3.6,91.8,94.5551,25.1842,2.45928,1.78321,1.7105,3.0,4.7105,1.7368,0.8421,0.1842,7.9737,2.9998,3,1.03123139,0.6867,0.3614,99.5799,2.79222,173.293,6.63775,3.96832,2.66943,4.24248,34.07
39515,2013,spencer dinwiddie,114.7,24.2,49.0,59.13,1.0,9.8,20.2,17.1,0.825,83,174,0.477,47,139,0.338,1.6,2.5,76.7,So,4.59338,126.573,2.4,73.8,91.7968,32.5152,5.36376,3.37393,0.2727,2.9091,3.1818,3.0,1.3333,0.4848,15.303,7.84923,3,1.35617737,0.5857,0.3861,96.7152,3.79077,190.309,7.25466,4.9562,2.29846,8.73769,48.81
39817,2015,sterling brown,126.0,12.3,61.2,63.58,8.4,14.4,15.7,18.6,0.771,44,76,0.579,20,45,0.444,1.4,2.2,28.9,So,2.31476,114.926,3.0,78.4,92.9705,23.9412,3.30248,2.84638,1.5,3.0588,4.5588,2.0588,0.8529,0.2353,5.2059,3.53494,3,2.25795122,0.6923,0.3333,94.8777,2.89276,145.553,7.35739,4.66112,2.69627,6.14885,28.37
40344,2012,tarik black,119.7,18.4,68.9,67.35,10.7,12.0,1.3,16.2,0.594,144,209,0.689,0,0,0.0,6.2,1.5,68.4,So,3.13396,121.398,5.1,87.8,91.6055,25.5714,2.85811,2.15352,2.0571,2.8,4.8571,0.1714,0.6286,1.5143,10.6571,0.0,3,0.13331259,0.7564,0.4906,94.278,3.05018,162.086,5.61055,3.03669,2.57385,5.01162,27.38
40419,2014,taurean prince,100.1,25.4,50.3,54.85,9.4,13.8,9.0,24.2,0.704,61,124,0.492,14,39,0.359,1.5,2.4,49.7,So,1.13165,111.881,5.8,62.6,97.0134,14.0278,0.77754,1.12707,1.1111,1.6944,2.8056,0.5833,0.5278,0.1944,6.1389,4.78677,3,0.41997262,0.6111,0.4,103.455,1.56848,88.9863,1.66807,1.00966,0.658405,1.90461,33.63
40656,2017,terence davis,109.4,26.6,54.1,56.73,6.0,16.0,16.8,16.6,0.723,151,268,0.563,49,147,0.333,2.2,3.0,28.7,So,3.13316,123.72,5.0,66.0,96.1286,25.3056,4.70257,2.2658,1.4167,3.8611,5.2778,1.75,1.3889,0.5,14.8611,8.78395,3,0.85133297,0.764,0.2736,99.7895,2.86074,206.092,6.32343,4.3611,1.96233,6.96837,50.1
40802,2012,terrence jones,111.9,22.3,52.3,54.66,10.8,16.3,8.7,14.9,0.627,161,305,0.528,16,49,0.327,5.8,2.7,44.6,So,3.64652,121.547,3.3,98.4,83.155,29.3158,5.02827,4.14732,2.5263,4.6316,7.1579,1.3421,1.2895,1.7895,12.3421,2.62579,3,0.82256681,0.7365,0.2754,87.6108,4.39391,245.885,9.92667,5.05142,4.87525,9.17559,26.18
40813,2012,terrence ross,111.9,23.3,53.4,55.77,4.7,17.6,9.2,15.5,0.766,143,276,0.518,72,194,0.371,3.0,2.3,20.0,So,3.61052,119.412,3.6,93.8,92.0641,31.0857,4.99144,2.32109,1.3714,5.0571,6.4286,1.4,1.2571,0.9429,16.4,10.0374,3,0.69999999,0.6897,0.4392,95.3759,3.67196,235.384,5.77755,3.37502,2.40253,7.31254,38.78
40874,2015,terry rozier,105.9,26.8,45.7,50.86,3.8,13.9,19.7,14.1,0.79,166,364,0.456,48,157,0.306,0.5,3.5,33.8,So,4.03693,120.844,2.0,94.2,84.1254,35.0,4.41439,4.08275,1.1944,4.3611,5.5556,3.0,2.0,0.1667,17.0833,7.53408,3,1.36711625,0.5379,0.4037,89.6,5.21977,249.602,7.20163,4.04812,3.15352,8.49714,45.81
41073,2011,thomas robinson,108.9,26.5,60.1,58.75,19.1,30.7,8.0,19.1,0.51,101,168,0.601,0,0,0.0,4.9,1.7,57.1,So,1.80665,122.043,5.6,94.6,80.9206,14.6061,3.17596,2.11141,2.2424,4.1818,6.4242,0.6061,0.4242,0.6667,7.6061,0.0,3,0.46515736,0.685,0.3415,85.2061,2.32295,124.984,6.06672,2.50859,3.55813,5.28736,28.15
41163,2011,tim frazier,101.2,18.2,46.4,52.59,2.6,13.8,33.3,28.9,0.753,60,133,0.451,11,32,0.344,0.5,2.2,49.1,So,1.92575,104.266,3.4,66.2,95.3427,30.8235,0.0112,2.08876,0.6176,3.2647,3.8824,5.0882,1.0294,0.1176,6.2941,2.04838,3,2.10971071,0.6094,0.3043,103.633,3.37818,172.946,3.09321,1.13866,1.95455,2.09996,31.81
41170,2012,tim hardaway jr,103.4,25.7,48.6,52.69,3.1,11.5,13.9,14.7,0.716,112,207,0.541,51,181,0.282,1.0,0.9,38.1,So,3.54768,115.871,2.5,68.0,97.1034,34.2727,2.6705,0.0780741,0.7879,3.0909,3.8788,2.1212,0.4848,0.303,14.6364,10.5163,3,1.07691532,0.6437,0.4667,103.382,3.43895,167.135,3.17154,2.99489,0.176654,2.74858,40.04
41372,2012,tj mcconnell,112.9,18.6,57.7,60.51,2.9,11.6,30.3,22.4,0.836,91,169,0.538,37,85,0.435,0.7,4.6,21.7,So,3.30819,113.72,2.0,30.6,95.8513,34.1667,3.62592,3.13431,0.8667,3.3,4.1667,5.3333,2.7,0.2333,11.3,4.79756,3,2.16211941,0.6765,0.4455,99.1608,3.60071,222.276,6.74719,4.16617,2.58102,6.76023,44.05
41411,2014,tj warren,113.7,33.6,54.8,57.35,10.8,12.8,8.6,12.2,0.69,311,536,0.58,31,116,0.267,1.8,3.1,34.7,So,6.17987,139.378,3.1,95.6,98.2359,35.3714,9.31937,1.29514,3.2286,3.9143,7.1429,1.1429,1.8,0.6,24.8857,5.71862,3,0.48195156,0.7649,0.4196,102.54,3.80547,233.712,7.66874,7.04296,0.625785,10.6145,41.94
41683,2014,tony parker,107.6,19.7,60.2,58.37,12.5,17.4,1.4,16.3,0.468,109,181,0.602,0,0,0.0,4.4,1.3,42.5,So,1.38403,111.597,6.8,95.4,95.365,17.2432,-1.02865,-0.271557,1.7838,2.6486,4.4324,0.1351,0.4054,0.6216,6.8649,0.0,3,0.13884893,0.7339,0.3158,99.8816,2.03963,123.23,-0.129992,-0.191627,0.0616343,-1.30021,30.6
41695,2012,tony snell,116.0,19.2,58.5,61.57,1.6,9.9,18.7,18.7,0.841,44,77,0.571,72,183,0.393,1.7,1.2,24.2,So,2.8017,117.298,1.7,19.6,93.0512,25.6471,4.95675,1.61668,0.3235,2.2941,2.6176,2.3235,0.5,0.3824,10.5,12.628,3,1.51922318,0.6842,0.4615,94.2975,2.95246,142.795,5.57187,4.10002,1.47186,6.57342,27.28
42292,2013,treveon graham,116.4,26.1,51.3,55.41,10.7,13.9,11.0,12.5,0.732,134,271,0.494,52,142,0.366,0.6,1.9,39.7,So,4.13711,128.681,3.3,21.2,92.9096,27.6389,6.91131,-0.177741,2.75,3.0556,5.8056,1.5556,0.8889,0.1389,15.1111,8.28713,3,1.0,0.5615,0.4357,96.7654,3.14255,167.33,6.1313,5.97719,0.154109,6.73357,21.31
42442,2013,trey burke,121.4,28.9,52.9,56.85,1.8,8.9,37.4,13.1,0.805,176,350,0.503,74,193,0.383,1.6,2.8,30.2,So,7.08947,143.537,2.1,81.6,92.27,35.3947,9.22369,3.05393,0.5263,2.6842,3.2105,6.6316,1.6053,0.5263,18.5789,8.98223,3,3.11109036,0.6381,0.4431,98.2568,4.09053,235.865,11.2633,9.55955,1.70372,12.2776,34.17
43065,2012,tyler johnson,103.5,19.8,45.3,48.52,6.1,12.6,19.3,13.1,0.675,82,183,0.448,22,71,0.31,1.2,3.0,30.3,So,1.69925,102.63,4.6,29.4,100.23,29.7419,0.300172,1.23277,1.5806,2.9032,4.4839,2.4839,1.4194,0.2903,9.0968,4.86083,3,2.02635013,0.5286,0.4018,101.344,2.62156,162.504,3.05582,1.56924,1.48659,1.53294,34.92
43288,2010,tyler zeller,107.4,23.9,52.1,55.7,11.6,15.7,3.2,16.6,0.722,100,190,0.526,0,2,0.0,4.9,1.6,37.5,So,1.84544,116.623,4.2,97.0,92.2834,17.3704,2.19765,1.48801,1.9259,2.7037,4.6296,0.2593,0.5185,0.8889,9.3333,0.232944,3,0.20590804,0.7561,0.4603,97.1863,2.04378,100.068,1.99924,0.777173,1.22207,3.68566,32.11
43732,2012,victor oladipo,106.8,23.5,48.8,54.56,8.7,15.4,14.7,20.0,0.75,126,241,0.523,10,48,0.208,2.3,3.0,49.8,So,2.87866,116.778,3.7,73.0,90.8953,26.6944,3.31839,2.46958,1.75,3.5556,5.3056,2.0278,1.3611,0.5833,10.8333,2.96256,3,0.96054196,0.5989,0.3125,96.012,3.28404,199.428,7.11239,4.13272,2.97967,5.78797,51.27
44146,2012,will barton,116.3,25.4,55.0,58.75,7.6,18.5,17.3,14.2,0.749,193,345,0.559,37,107,0.346,2.1,2.4,39.6,So,5.24285,128.944,2.4,97.6,88.4891,35.3143,6.72944,2.29398,2.0,5.9714,7.9714,2.8857,1.4286,0.7143,18.0286,5.1237,3,1.34663307,0.7074,0.3822,91.0706,4.59015,254.624,9.36629,6.08935,3.27694,9.02343,36.78
44386,2014,willie cauley stein,118.9,14.9,59.6,57.95,12.6,16.3,5.7,14.2,0.482,106,178,0.596,0,0,0.0,12.3,3.0,46.6,So,2.32829,116.807,4.5,91.6,85.7359,23.7838,4.0976,7.03824,2.5405,3.5405,6.0811,0.6757,1.1892,2.8649,6.8108,0.0,3,0.80651705,0.7281,0.3651,90.5407,3.5906,219.809,13.6395,3.88666,9.75286,11.1358,38.29
